excipient_name,unii,smiles,source
(C10-C30)ALKYL METHACRYLATE ESTER,XH2FQZ38D8,,Not found
(N-(3-CHOLAMIDOPROPYL)-N-(3-LACTOBIONAMIDOPROPYL))CHOLAMIDE,XTC7H88KND,C[C@H](CCC(=O)NCCCN(CCCNC(=O)[C@@H]([C@H]([C@@H]([C@@H](CO)O)O[C@H]1[C@@H]([C@H]([C@H]([C@@H](CO)O1)O)O)O)O)O)C(=O)CC[C@@H](C)[C@@]2([H])CC[C@@]3([H])[C@@]4([H])[C@]([H])(C[C@@H]([C@]23C)O)[C@@]5(C)CC[C@H](C[C@@]5([H])C[C@H]4O)O)[C@@]6([H])CC[C@@]7([H])[C@@]8([H])[C@]([H])(C[C@@H]([C@]67C)O)[C@@]9(C)CC[C@H](C[C@@]9([H])C[C@H]8O)O,GSRS
.ALPHA.-(.ALPHA.-AMINOPROPYL)BENZYL ALCOHOL,S8TT5K3C8Y,CCC(C(C1=CC=CC=C1)O)N,PubChem-UNII
".ALPHA.-BISABOLOL, (+)-",105S6I733Z,CC(=CCC[C@](C)([C@@]1([H])CC=C(C)CC1)O)C,GSRS
".ALPHA.-BISABOLOL, (+/-)-",36HQN158VC,CC(=CCC[C@](C)([C@@]1([H])CC=C(C)CC1)O)C,GSRS
.ALPHA.-HEXYLCINNAMALDEHYDE,7X6O37OK2I,CCCCCC/C(=C/C1=CC=CC=C1)/C=O,PubChem-UNII
.ALPHA.-ISOBUTYLPHENETHYL ALCOHOL,2SBL0E1I0N,CC(C)CC(Cc1ccccc1)O,GSRS
.ALPHA.-TOCOPHEROL,H4N855PNZ1,CC1=C(C2=C(CC[C@@](O2)(C)CCC[C@H](C)CCC[C@H](C)CCCC(C)C)C(=C1O)C)C,PubChem-UNII
.ALPHA.-TOCOPHEROL ACETATE,9E8X80D2L0,CC1=C(C(=C(C2=C1O[C@](CC2)(C)CCC[C@H](C)CCC[C@H](C)CCCC(C)C)C)OC(=O)C)C,PubChem-UNII
".ALPHA.-TOCOPHEROL ACETATE, DL-",WR1WPI7EW8,CC(C)CCCC(C)CCCC(C)CCCC1(C)CCc2c(C)c(c(C)c(C)c2O1)OC(=O)C,GSRS
".ALPHA.-TOCOPHEROL SUCCINATE, D-",LU4B53JYVE,CC(C)CCC[C@@H](C)CCC[C@@H](C)CCC[C@]1(C)CCc2c(C)c(c(C)c(C)c2O1)OC(=O)CCC(=O)O,GSRS
".ALPHA.-TOCOPHEROL, D-",N9PR3490H9,CC(C)CCC[C@@H](C)CCC[C@@H](C)CCC[C@]1(C)CCc2c(C)c(c(C)c(C)c2O1)O,GSRS
".ALPHA.-TOCOPHEROL, DL-",7QWA1RIO01,CC(C)CCCC(C)CCCC(C)CCCC1(C)CCc2c(C)c(c(C)c(C)c2O1)O,GSRS
.BETA.-BISABOLOL,LP618AV2EA,CC(=CCC[C@H](C)[C@]1(CC=C(C)CC1)O)C,GSRS
".BETA.-CITRONELLOL, (R)-",P01OUT964K,CC(=CCC[C@@H](C)CCO)C,GSRS
.GAMMA.-DECALACTONE,7HLS05KP9O,CCCCCCC1CCC(=O)O1,GSRS
"1,1,1,2,2,3,3,4,4-NONAFLUORONONANE",M4M23ZL2AD,CCCCCC(C(C(C(F)(F)F)(F)F)(F)F)(F)F,GSRS
"1,1,1,2-TETRACHLORO-2-FLUOROETHANE",5ERU8UG4SI,C(C(Cl)(Cl)Cl)(Cl)F,GSRS
"1,1,1,2-TETRAFLUOROCHLOROETHANE",N00845EG42,C(C(F)(F)F)(Cl)F,GSRS
"1,2,6-HEXANETRIOL",W45XXM0XWE,C(CCO)CC(CO)O,GSRS
"1,2-DIARACHIDOYL-SN-GLYCERO-3-PHOSPHOCHOLINE",HE0P2D9ZLS,CCCCCCCCCCCCCCCCCCCC(=O)OC[C@H](COP(=O)([O-])OCC[N+](C)(C)C)OC(=O)CCCCCCCCCCCCCCCCCCC,GSRS
"1,2-DIMYRISTOYL-SN-GLYCERO-3-CARBOXAMINOPROPYLPOLYETHYLENE GLYCOL 2000 METHYL ETHER",G739VUB5KO,,Not found
"1,2-DISTEAROYL-SN-GLYCERO-3-(PHOSPHO-RAC-(1-GLYCEROL))",Z16Y0357CV,CCCCCCCCCCCCCCCCCC(=O)OC[C@H](COP(=O)(O)OCC(CO)O)OC(=O)CCCCCCCCCCCCCCCCC,GSRS
"1,2-DOCOSAHEXANOYL-SN-GLYCERO-3-PHOSPHOSERINE CALCIUM",6WJM73T46K,CC/C=C\C/C=C\C/C=C\C/C=C\C/C=C\C/C=C\CCC(=O)OC[C@H](COP(=O)([O-])OC[C@@H](C(=O)O)N)OC(=O)CC/C=C\C/C=C\C/C=C\C/C=C\C/C=C\C/C=C\CC.CC/C=C\C/C=C\C/C=C\C/C=C\C/C=C\C/C=C\CCC(=O)OC[C@H](COP(=O)([O-])OC[C@@H](C(=O)O)N)OC(=O)CC/C=C\C/C=C\C/C=C\C/C=C\C/C=C\C/C=C\CC.[Ca+2],GSRS
"1,2-Distearoyl-sn-glycero-3-phosphocholine",043IPI2M0K,CCCCCCCCCCCCCCCCCC(=O)OC[C@H](COP(=O)([O-])OCC[N+](C)(C)C)OC(=O)CCCCCCCCCCCCCCCCC,GSRS
"1,2-HEXANEDIOL",TR046Y3K1G,CCCCC(CO)O,GSRS
"1,2-ICOSAPENTOYL-SN-GLYCERO-3-PHOSPHOSERINE CALCIUM",9ABD9DRK7B,CC/C=C\C/C=C\C/C=C\C/C=C\C/C=C\CCCCC(=O)O[C@H](COC(=O)CCC/C=C\C/C=C\C/C=C\C/C=C\C/C=C\CC)COP(=O)([O-])OC[C@@H](C(=O)O)N.CC/C=C\C/C=C\C/C=C\C/C=C\C/C=C\CCCCC(=O)O[C@H](COC(=O)CCC/C=C\C/C=C\C/C=C\C/C=C\C/C=C\CC)COP(=O)([O-])OC[C@@H](C(=O)O)N.[Ca+2],GSRS
"1,3-PROPANEDIOL BIS(4-AMINOBENZOATE)",8860R9ORQR,C(COC(=O)c1ccc(cc1)N)COC(=O)c2ccc(cc2)N,GSRS
"1,4-BUTANEDIOL MONOVINYL ETHER",8LGM5RZX0N,C=COCCCCO,GSRS
"1,4-SORBITAN",AV0YTZ4E6J,C([C@H]([C@]1([H])[C@@H]([C@H](CO1)O)O)O)O,GSRS
1-ETHYL CITRATE,Y7R23627P5,CCOC(=O)CC(CC(=O)O)(C(=O)O)O,GSRS
1-O-(DIHYDROXYMETHYLSILYL)-.BETA.-D-MANNOPYRANURONIC ACID,Q9HR0J0H4B,C[Si](O)(O)O[C@H]1[C@H]([C@H]([C@@H]([C@@H](C(=O)O)O1)O)O)O,GSRS
1-PROPOXY-2-PROPANOL,152BY1743W,CCCOCC(C)O,GSRS
1-VINYL-2-PYRROLIDONE,76H9G81541,C=CN1CCCC1=O,GSRS
"2,3-PENTANEDIONE",K4WBE45SCM,CCC(=O)C(=O)C,GSRS
"2,4-DIHYDROXYBENZOIC ACID",LU39SC9JYL,c1cc(c(cc1O)O)C(=O)O,GSRS
2-(N-morpholino)ethanesulfonic acid,2GNK67Q0C4,C1COCCN1CCS(=O)(=O)O,GSRS
2-AMINOETHANOL,5KV86114PT,C(CO)N,GSRS
2-ETHYLHEXYL ACRYLATE,HR49R9S6XG,CCCCC(CC)COC(=O)C=C,GSRS
2-ETHYLHEXYL ACRYLATE-METHYL ACRYLATE-GLYCIDYL METHACRYLATE-ACRYLIC ACID COPOLYMER (FOR DURO-TAK 387-2353),737PT7E2CY,,Not found
2-HYDROXYETHYL ACRYLATE,25GT92NY0C,C=CC(=O)OCCO,GSRS
2-HYDROXYETHYL METHACRYLATE,6E1I4IV47V,C=C(C)C(=O)OCCO,GSRS
2-METHACRYLOYLOXYETHYL PHOSPHORYLCHOLINE,59RU860S8D,C=C(C)C(=O)OCCOP(=O)([O-])OCC[N+](C)(C)C,GSRS
"3-HEXEN-1-OL, (3Z)-",V14F8G75P4,CC/C=C\CCO,GSRS
"3-HEXENYL ACETATE, CIS-",6INA6GC5I6,CC/C=C\CCOC(=O)C,GSRS
"3-HEXENYL BUTYRATE, (3Z)-",O47B839622,CC/C=C\CCOC(=O)CCC,GSRS
"3-HEXENYL HEXANOATE, (3Z)-",UYX8RFU917,CC/C=C\CCOC(=O)CCCCC,GSRS
4-ACETYLANISOLE,0IRH2BR587,CC(=O)c1ccc(cc1)OC,GSRS
4-BUTYLRESORCINOL,2IK4UQ3ZGA,CCCCc1ccc(cc1O)O,GSRS
7-DEHYDROCHOLESTEROL,BK1IU07GKF,CC(C)CCC[C@@H](C)[C@@]1([H])CC[C@@]2([H])C3=CC=C4C[C@H](CC[C@]4(C)[C@@]3([H])CC[C@]12C)O,GSRS
ABSORBABLE GELATIN SPONGE,AAJ75C5376,,Not found
ACACIA,5C5403N26O,,Not found
ACACIELLA ANGUSTISSIMA BARK,ID3K20OAXF,,Not found
ACAI OIL,Z0W6766A2W,,Not found
ACESULFAME,MA3UYZ6K1H,CC1=CC(=O)NS(=O)(=O)O1,GSRS
ACESULFAME POTASSIUM,23OV73Q5G9,CC1=CC(=NS(=O)(=O)O1)[O-].[K+],GSRS
ACETATE ION,569DQM74SC,CC(=O)[O-],GSRS
ACETOIN,BG4D34CO2H,CC(C(=O)C)O,GSRS
ACETONE,1364PS73AF,CC(=O)C,GSRS
ACETYLATED SUCROSE DISTEARATE,XLW9XG1719,CCCCCCCCCCCCCCCCCC(=O)O.C([C@@H]1[C@H]([C@@H]([C@H]([C@H](O1)O[C@@]2(CO)[C@H]([C@@H]([C@@H](CO)O2)O)O)O)O)O)O.CC(=O)O,GSRS
ACETYLSALICYLSALICYLIC ACID,VBE72MCP5L,CC(=O)Oc1ccccc1C(=O)Oc2ccccc2C(=O)O,GSRS
ACETYLTRIBUTYL CITRATE,0ZBX0N59RZ,CCCCOC(=O)CC(CC(=O)OCCCC)(C(=O)OCCCC)OC(=O)C,GSRS
ACETYLTRIETHYL CITRATE,5WBR36T90E,CCOC(=O)CC(CC(=O)OCC)(C(=O)OCC)OC(=O)C,GSRS
ACHILLEA MILLEFOLIUM,2FXJ6SW4PK,,Not found
ACRYLAMIDE,20R035KLCI,C=CC(=O)N,GSRS
ACRYLATES/C10-30 ALKYL ACRYLATE CROSSPOLYMER (60000 MPA.S AT 1.0%),8Z5ZAL5H3V,,Not found
ACRYLIC ACID,J94PBK7X8S,C=CC(=O)O,GSRS
ACRYLIC ACID/SODIUM ACRYLATE COPOLYMER (1:1; 600 MPA.S AT 0.2%),M4PPW69Y4H,,Not found
ADENINE HYDROCHLORIDE,364H11M7OD,c1nc2c(N)ncnc2[nH]1.Cl,GSRS
ADIPIC ACID,76A0JE0FKJ,C(CCC(=O)O)CC(=O)O,GSRS
ADRABETADEX,8W6Q67R6NX,CC(COC[C@@H]1[C@]2([H])C[C@H]([C@]([H])(O1)O[C@]3([H])[C@@H](CO)O[C@@]([H])([C@@H]([C@H]3O)OCC(C)O)O[C@]4([H])[C@@H](CO)O[C@@]([H])([C@@H]([C@H]4O)O)O[C@]5([H])[C@@H](CO)O[C@@]([H])([C@@H]([C@H]5O)O)O[C@]6([H])[C@@H](COCC(C)O)O[C@@]([H])([C@@H]([C@H]6O)O)O[C@]7([H])[C@@H](CO)O[C@@]([H])([C@@H]([C@H]7O)O)O[C@]8([H])[C@@H](COCC(C)O)O[C@@]([H])([C@@H]([C@H]8O)O)O2)O)O,GSRS
ADVANTAME,3ZA6810AWX,COc1ccc(CCCN[C@@H](CC(=O)O)C(=O)N[C@@H](Cc2ccccc2)C(=O)OC)cc1O.O,GSRS
ADZUKI BEAN,31GYU1X0FP,,Not found
AGAVE TEQUILANA JUICE,GVG8G0207O,,Not found
AGAVE TEQUILANA STEM,J026JA743Y,,Not found
AIR,K21NZZ5Y0B,,Not found
ALANINE,OF5P57N2ZX,C[C@@H](C(=O)O)N,GSRS
ALBUMIN HUMAN,ZIF514RVZR,,Not found
ALCOHOL,3K9958V90M,CCO,GSRS
ALCOHOL 95%,7528N5H79B,CCO,PubChem-UNII
ALFADEX,Z1LH97KTRM,C([C@@H]1[C@]2([H])[C@@H]([C@H]([C@]([H])(O1)O[C@]3([H])[C@@H](CO)O[C@@]([H])([C@@H]([C@H]3O)O)O[C@]4([H])[C@@H](CO)O[C@@]([H])([C@@H]([C@H]4O)O)O[C@]5([H])[C@@H](CO)O[C@@]([H])([C@@H]([C@H]5O)O)O[C@]6([H])[C@@H](CO)O[C@@]([H])([C@@H]([C@H]6O)O)O[C@]7([H])[C@@H](CO)O[C@@]([H])([C@@H]([C@H]7O)O)O2)O)O)O,GSRS
ALGELDRATE,03J11K103C,[Al+3].O.[OH-].[OH-].[OH-],GSRS
ALGINIC ACID,8C3Z4148WZ,,Not found
ALLANTOIN,344S277G0Z,C1(C(=O)NC(=O)N1)NC(=O)N,GSRS
ALLYL HEXANOATE,3VH84A363D,CCCCCC(=O)OCC=C,GSRS
ALMOND OIL,66YXD4DKO9,,Not found
ALOE,V5VD430YW9,,Not found
ALOE VERA LEAF,ZY81Z83H0X,,Not found
ALOE VERA LEAF JUICE,RUE8E6T4NB,,Not found
ALPHA-TOCOPHERYLQUINONE,ZO763K43XR,CC(C)CCC[C@@H](C)CCC[C@@H](C)CCC[C@](C)(CCC1=C(C)C(=O)C(=C(C)C1=O)C)O,GSRS
ALTHAEA OFFICINALIS LEAF,E2QQV92338,,Not found
ALUMINUM,CPD4NFA903,[Al],GSRS
ALUMINUM CHLORIDE,3CYT62D3GA,[Al+3].[Cl-].[Cl-].[Cl-].O.O.O.O.O.O,GSRS
ALUMINUM CHLOROHYDREX PROPYLENE GLYCOL,PGG6VG42HP,CC(CO)O.[Al+3].[Al+3].[Cl-].O.[OH-].[OH-].[OH-].[OH-].[OH-],GSRS
ALUMINUM HYDROXIDE,5QB0T2IUN0,[Al+3].[OH-].[OH-].[OH-],GSRS
ALUMINUM MONOSTEARATE,P9BC99461E,CCCCCCCCCCCCCCCCCC(=O)[O-].[Al+3].[OH-].[OH-],GSRS
ALUMINUM OXIDE,LMI26O6933,[Al+3].[Al+3].[O-2].[O-2].[O-2],GSRS
ALUMINUM PHOSPHATE,F92V3S521O,[Al+3].O=P([O-])([O-])[O-],GSRS
ALUMINUM SILICATE,T1FAD4SS2M,[Al+3].[Al+3].[O-][Si]([O-])([O-])[O-].[O-2],GSRS
ALUMINUM STARCH OCTENYLSUCCINATE,I9PJ0O6294,,Not found
ALUMINUM STEARATE,U6XF9NP8HM,CCCCCCCCCCCCCCCCCC(=O)[O-].CCCCCCCCCCCCCCCCCC(=O)[O-].CCCCCCCCCCCCCCCCCC(=O)[O-].[Al+3],GSRS
ALUMINUM SUBACETATE,FGL8577C9S,CC(=O)[O-].CC(=O)[O-].[Al+3].[OH-],GSRS
ALUMINUM SULFATE,34S289N54E,[Al+3].[Al+3].O=S(=O)([O-])[O-].O=S(=O)([O-])[O-].O=S(=O)([O-])[O-].O,GSRS
AMINO ACIDS,0O72R8RF8A,,Not found
AMINOBENZOIC ACID,TL2TJE8QTX,c1cc(ccc1C(=O)O)N,GSRS
AMINOLEVULINIC ACID HYDROCHLORIDE,V35KBM8JGR,C(CC(=O)O)C(=O)CN.Cl,GSRS
AMINOMETHYL PROPANEDIOL,CZ7BU4QZJZ,CC(CO)(CO)N,GSRS
AMINOMETHYLPROPANOL,LU49E6626Q,CC(C)(CO)N,GSRS
AMINOMETHYLPROPANOL (PERFLUORO-C6-C12 ETHYL)PHOSPHATE,QCD5R22RNT,,Not found
AMINOMETRADINE,PPM8SX5Q3V,C=CCn1c(cc(=O)n(CC)c1=O)N,GSRS
AMINOPENTAMIDE SULFATE,20P9NI883O,CC(CC(c1ccccc1)(c2ccccc2)C(=O)N)N(C)C.OS(=O)(=O)O,GSRS
AMINOPHYLLINE,27Y3KJK423,Cn1c2c(c(=O)n(C)c1=O)nc[nH]2.Cn1c2c(c(=O)n(C)c1=O)nc[nH]2.C(CN)N,GSRS
AMINOPROMAZINE,S9SDD93U5U,CN(C)CC(CN1c2ccccc2Sc3ccccc31)N(C)C,GSRS
AMINOPROMAZINE MONOFUMARATE,9KWA4W69IW,CN(C)CC(CN1c2ccccc2Sc3ccccc31)N(C)C.C(=C\C(=O)O)/C(=O)O,GSRS
AMINOPTERIN SODIUM,FZU1QI13O9,c1cc(ccc1C(=O)N[C@@H](CCC(=O)[O-])C(=O)[O-])NCc2cnc3c(c(N)nc(N)n3)n2.[Na+].[Na+],GSRS
AMMONIA,5138Q19F1X,N,GSRS
AMMONIO METHACRYLATE COPOLYMER TYPE A,8GQS4E66YY,,Not found
AMMONIO METHACRYLATE COPOLYMER TYPE B,161H3B14U2,,Not found
AMMONIUM ACETATE,RRE756S6Q2,CC(=O)[O-].[NH4+],GSRS
AMMONIUM ACRYLOYLDIMETHYLTAURATE/VP COPOLYMER,W59H9296ZG,,Not found
AMMONIUM ALGINATE,Q9QKJ39Q3X,COC1OC(C(=O)O)C(OC2OC(C(=O)O)C(OC)C(O)C2O)C(O)C1O,COCONUT
AMMONIUM CATION,54S68520I4,[NH4+],GSRS
AMMONIUM CHLORIDE,01Q9PC255D,[Cl-].[NH4+],GSRS
AMMONIUM GLYCYRRHIZATE,3VRD35U26C,CC1(C)[C@]2([H])CC[C@]3(C)[C@]([H])(C(=O)C=C4[C@]5([H])C[C@](C)(CC[C@]5(C)CC[C@]43C)C(=O)O)[C@@]2(C)CC[C@@H]1O[C@@H]6[C@@H]([C@H]([C@@H]([C@@H](C(=O)O)O6)O)O)O[C@H]7[C@@H]([C@H]([C@@H]([C@@H](C(=O)O)O7)O)O)O.N,GSRS
AMMONIUM LACTATE,67M901L9NQ,CC(C(=O)[O-])O.[NH4+],GSRS
AMMONIUM LAURYL SULFATE,Q7AO2R1M0B,CCCCCCCCCCCCOS(=O)(=O)[O-].[NH4+],GSRS
AMMONIUM METAVANADATE,FL85PX638G,[NH4+].O=[V](=O)[O-],GSRS
AMMONIUM METHACRYLATE,J2243103QO,C=C(C)C(=O)[O-].[NH4+],GSRS
AMMONIUM MOLYBDATE,OGI154X474,[Mo].[Mo].[Mo].[Mo].[Mo].[Mo].[Mo].[NH4+].[NH4+].[NH4+].[NH4+].[NH4+].[NH4+].O.O.O.O.[O-2].[O-2].[O-2].[O-2].[O-2].[O-2].[O-2].[O-2].[O-2].[O-2].[O-2].[O-2].[O-2].[O-2].[O-2].[O-2].[O-2].[O-2].[O-2].[O-2].[O-2].[O-2].[O-2].[O-2],GSRS
"AMMONIUM PHOSPHATE, DIBASIC",10LGE70FSU,[NH4+].[NH4+].OP(=O)([O-])[O-],GSRS
AMMONIUM SULFATE,SU46BAM238,[NH4+].[NH4+].O=S(=O)([O-])[O-],GSRS
AMNIOTIC FLUID (BOVINE),P06X62O7E9,,Not found
AMOPROXAN,27RL57FCYM,CC(C)CCOCC(CN1CCOCC1)OC(=O)c2cc(c(c(c2)OC)OC)OC,GSRS
"AMYLOPECTIN, UNSPECIFIED SOURCE",4XO4QFV777,,Not found
ANHYDROUS DEXTROSE,5SL0G7R0OK,C(=O)[C@@H]([C@H]([C@@H]([C@@H](CO)O)O)O)O,GSRS
ANHYDROUS DIBASIC CALCIUM PHOSPHATE,L11K75P92J,[Ca+2].OP(=O)([O-])[O-],GSRS
ANHYDROUS LACTOSE,3SY5LH9PMK,C(=O)[C@@H]([C@H]([C@@]([H])([C@@H](CO)O)O[C@@]1([H])[C@@H]([C@H]([C@H]([C@@H](CO)O1)O)O)O)O)O,GSRS
ANHYDROUS TRISODIUM CITRATE,RS7A450LGA,C(C(=O)[O-])C(CC(=O)[O-])(C(=O)[O-])O.[Na+].[Na+].[Na+],GSRS
ANISE,21C2F5E8RE,,Not found
ANISE OIL,6Y89129C8H,,Not found
ANISYL ALCOHOL,7N6XGV3U49,COc1ccc(cc1)CO,GSRS
ANNATTO,6PQP1V1B6O,C/C(=C\C=C\C=C(/C)\C=C\C=C(\C)/C=C/C(=O)O)/C=C/C=C(\C)/C=C/C(=O)O,PubChem-UNII
APAFLURANE,R40P36GDK6,C(C(F)(F)F)(C(F)(F)F)F,GSRS
APHANIZOMENON FLOSAQUAE,49VG1X560X,,Not found
APPLE CIDER VINEGAR,0UE22Q87VC,,Not found
APRICOT KERNEL OIL,54JB35T06A,,Not found
APRICOT KERNEL OIL PEG-6 ESTERS,DRG3KJZ1TJ,,Not found
ARACHIDYL PROPIONATE,QV5DAH3MSB,CCCCCCCCCCCCCCCCCCCCOC(=O)CC,GSRS
ARBUTIN,C5INA23HXF,c1cc(ccc1O)O[C@H]2[C@@H]([C@H]([C@@H]([C@@H](CO)O2)O)O)O,GSRS
ARCTIUM LAPPA FRUIT OIL,5Q5BO6MFW2,,Not found
ARCTIUM LAPPA ROOT,597E9BI3Z3,,Not found
ARGAN OIL,4V59G5UW9X,,Not found
ARGININE,94ZLA3W45F,C(C[C@@H](C(=O)O)N)CNC(=N)N,GSRS
ARGININE HYDROCHLORIDE,F7LTH1E20Y,C(C[C@@H](C(=O)O)N)CNC(=N)N.Cl,GSRS
ARLIPOIC ACID,VLL71EBS9Z,C(CCC(=O)O)C[C@@H]1CCSS1,GSRS
ARNICA MONTANA,O80TY208ZW,,Not found
ARNICA MONTANA FLOWER,OZ0E5Y15PZ,,Not found
ARNICA MONTANA FLOWER WATER,U7L2JP51PR,,Not found
ARTHROSPIRA PLATENSIS,9L3TIH1UUE,,Not found
ASCORBIC ACID,PQ6CK8PD0R,C([C@@H]([C@]1([H])C(=C(C(=O)O1)O)O)O)O,GSRS
ASCORBYL GLUCOSIDE,2V52R0NHXW,C([C@@H]([C@]1([H])C(=C(C(=O)O1)O[C@@H]2[C@@H]([C@H]([C@@H]([C@@H](CO)O2)O)O)O)O)O)O,GSRS
ASCORBYL PALMITATE,QN83US2B0N,CCCCCCCCCCCCCCCC(=O)OC[C@@H]([C@]1([H])C(=C(C(=O)O1)O)O)O,GSRS
ASIAN GINSENG,CUQ3A77YXI,,Not found
ASPARAGINE,5Z33R5TKO7,C([C@@H](C(=O)O)N)C(=O)N,GSRS
ASPARAGINE MONOHYDRATE,2PD79VF521,C([C@@H](C(=O)O)N)C(=O)N.O,GSRS
ASPARTAME ACESULFAME,IFE6C6BS24,COC(=O)[C@H](Cc1ccccc1)NC(=O)[C@H](CC(=O)O)N.CC1=CC(=O)NS(=O)(=O)O1,GSRS
ASPARTIC ACID,30KYC7MIAI,C([C@@H](C(=O)O)N)C(=O)O,GSRS
ASTAXANTHIN,8XPW32PR7I,C/C(=C\C=C\C=C(/C)\C=C\C=C(/C)\C=C\C1=C(C)C(=O)[C@H](CC1(C)C)O)/C=C/C=C(\C)/C=C/C2=C(C)C(=O)[C@H](CC2(C)C)O,GSRS
AZELAIC ACID,F2VW3D43YT,C(CCCC(=O)O)CCCC(=O)O,GSRS
Acetic Acid,Q40Q9N063P,CC(=O)O,GSRS
Acetyl Triethylhexyl Citrate,150CTM9A3J,CCCCC(CC)COC(=O)CC(CC(=O)OCC(CC)CCCC)(C(=O)OCC(CC)CCCC)OC(=O)C,GSRS
Allyl Pentaerythritol,8S4V89348V,C=CCOCC(CO)(CO)CO,PubChem-UNII
Amaranth,37RBV3X49K,c1ccc2c(c1)c(ccc2S(=O)(=O)[O-])/N=N/c3c4ccc(cc4cc(c3O)S(=O)(=O)[O-])S(=O)(=O)[O-].[Na+].[Na+].[Na+],GSRS
Anhydrous Citric Acid,XF417D3PSL,C(C(=O)O)C(CC(=O)O)(C(=O)O)O,GSRS
Argon,67XQY1V3KH,[Ar],GSRS
BALSAM PERU OIL,DIK0395679,,Not found
BANANA,4AJZ4765R9,,Not found
BARIUM OXIDE,77603K202B,[Ba+2].[O-2],GSRS
BARIUM SULFATE,25BB7EKE2E,[Ba+2].O=S(=O)([O-])[O-],GSRS
BEET,N487KM8COK,,Not found
BEET JUICE,IOZ32L9H3O,,Not found
BEHENTRIMONIUM METHOSULFATE,5SHP745C61,CCCCCCCCCCCCCCCCCCCCCC[N+](C)(C)C.COS(=O)(=O)[O-],GSRS
BENTONITE,A3N5ZCN45C,[Al+3].[Al+3].O=[Si]=O.O=[Si]=O.O=[Si]=O.O=[Si]=O.O.[O-2].[O-2].[O-2],GSRS
BENZALKONIUM,7N6JUD5X6Y,CCCCCCCCCCCCC[N+](C)(C)CC1=CC=CC=C1,PubChem-Name
BENZENESULFINIC ACID,G9560D97PI,c1ccc(cc1)S(=O)O,GSRS
BENZENESULFONIC ACID,685928Z18A,c1ccc(cc1)S(=O)(=O)O,GSRS
BENZETHONIUM CHLORIDE,PH41D05744,CC(C)(C)CC(C)(C)c1ccc(cc1)OCCOCC[N+](C)(C)Cc2ccccc2.[Cl-],GSRS
BENZODODECINIUM BROMIDE,IRY12B2TQ6,CCCCCCCCCCCC[N+](C)(C)Cc1ccccc1.[Br-],GSRS
BENZOIC ACID,8SKN0B0MIM,c1ccc(cc1)C(=O)O,GSRS
BENZOIN ACETATE,8KD59RC90V,CC(=O)OC(c1ccccc1)C(=O)c2ccccc2,GSRS
BENZYL ALCOHOL,LKG8494WBH,c1ccc(cc1)CO,GSRS
BENZYL BENZOATE,N863NB338G,c1ccc(cc1)COC(=O)c2ccccc2,GSRS
BENZYL SALICYLATE,WAO5MNK9TU,c1ccc(cc1)COC(=O)c2ccccc2O,GSRS
BERRY,FV3431923Z,,Not found
BETA CAROTENE,01YAE03M7J,C/C(=C\C=C\C=C(/C)\C=C\C=C(/C)\C=C\C1=C(C)CCCC1(C)C)/C=C/C=C(\C)/C=C/C2=C(C)CCCC2(C)C,GSRS
BETADEX SULFOBUTYL ETHER SODIUM,2PP9364507,C(CCS(=O)(=O)[O-])COC[C@@H]1[C@]2([H])[C@@H]([C@H]([C@]([H])(O1)O[C@]3([H])[C@@H](COCCCCS(=O)(=O)[O-])O[C@@]([H])([C@@H]([C@H]3O)O)O[C@]4([H])[C@@H](COCCCCS(=O)(=O)[O-])O[C@@]([H])([C@@H]([C@H]4O)O)O[C@]5([H])[C@@H](COCCCCS(=O)(=O)[O-])O[C@@]([H])([C@@H]([C@H]5O)O)O[C@]6([H])[C@@H](COCCCCS(=O)(=O)[O-])O[C@@]([H])([C@@H]([C@H]6O)O)O[C@]7([H])[C@@H](COCCCCS(=O)(=O)[O-])O[C@@]([H])([C@@H]([C@H]7O)O)O[C@]8([H])[C@@H](CO)O[C@@]([H])([C@@H]([C@H]8O)O)O2)O)O.[Na+].[Na+].[Na+].[Na+].[Na+].[Na+],GSRS
BETAINE,3SCV180C9W,C[N+](C)(C)CC(=O)[O-],GSRS
BIOTIN,6SO6U10H04,C(CCC(=O)O)C[C@H]1[C@]2([H])[C@]([H])(CS1)NC(=O)N2,GSRS
BISULFITE ION,OJ9787WBLU,OS(=O)[O-],GSRS
BLACK CURRANT,9755T40D11,,Not found
BLACKBERRY,8A6OMU3I8L,,Not found
BLUEBERRY,253RUG1X1A,,Not found
BOERHAVIA DIFFUSA ROOT,KR0SR09KYL,,Not found
BORAGE OIL,F8XAG1755S,,Not found
BORIC ACID,R57ZHV85D4,B(O)(O)O,GSRS
BORON NITRIDE,2U4T60A6YD,B#N,PubChem-UNII
BOS TAURUS PITUITARY GLAND,7JM57I419K,,Not found
BOSWELLIA SACRA WHOLE,8O600AZL0W,,Not found
BOSWELLIA SERRATA RESIN OIL,5T1XCE6K8K,,Not found
BOVINE TRANSFERRIN (IRON FREE),G5N6GQ9MVA,,Not found
BOVINE TYPE I COLLAGEN,FHJ3ATL51C,,Not found
BRILLANT BLUE,1Y6J4O88C8,CC/[N+](=C/1C=C/C(=C(\c2ccc(cc2)N(CC)Cc3cccc(c3)S(=O)(=O)O)/c4ccccc4S(=O)(=O)[O-])C=C1)/Cc5cccc(c5)S(=O)(=O)O,GSRS
BROWN IRON OXIDE,1N032N7MFO,,Not found
BRUCINE SULFATE,KY7O12XPOQ,COc1cc2c(cc1OC)N3C(=O)C[C@@]4([H])[C@]5([H])[C@@]6([H])C[C@@]7([H])[C@]2(CC[N@]7CC6=CCO4)[C@]53[H].COc1cc2c(cc1OC)N3C(=O)C[C@@]4([H])[C@]5([H])[C@@]6([H])C[C@@]7([H])[C@]2(CC[N@]7CC6=CCO4)[C@]53[H].OS(=O)(=O)O,GSRS
BRUCINE SULFATE HEPTAHYDRATE,O900CDH328,OS(=O)(=O)O.O.[H][C@]12[C@@]34[C@]5(N(CC6=CCO[C@](CC(N1c7c3cc(c(OC)c7)OC)=O)([H])[C@@]2([C@]6(C5)[H])[H])CC4)[H].O.O.O.O.O.O.[H][C@]12[C@@]34[C@]5(N(CC6=CCO[C@](CC(N1c7c3cc(c(c7)OC)OC)=O)([H])[C@@]2([C@]6(C5)[H])[H])CC4)[H],GSRS
BUTANE,6LV4FOR43R,CCCC,GSRS
BUTETH-3,OC116GRO69,CCCCOCCOCCOCCO,GSRS
BUTYL ACETATE,464P5N1905,CCCCOC(=O)C,GSRS
BUTYL ACRYLATE/C16-C20 ALKYL METHACRYLATE/METHACRYLIC ACID/METHYL METHACRYLATE COPOLYMER,7K68DGG29P,,Not found
BUTYL ALCOHOL,8PJ61P6TS3,CCCCO,GSRS
BUTYL ESTER OF METHYL VINYL ETHER/MALEIC ANHYDRIDE COPOLYMER (125000 MW),389H2R62BD,CCCCOC(=O)/C=C\C(=O)O.COC=C,PubChem-UNII
BUTYLATED HYDROXYANISOLE,REK4960K2U,CC(C)(C)C1=C(C=CC(=C1)OC)O,PubChem-Synonym
BUTYLATED HYDROXYTOLUENE,1P9D0Z171K,Cc1cc(c(c(c1)C(C)(C)C)O)C(C)(C)C,GSRS
BUTYLENE GLYCOL,3XUS85K0RA,CC(CCO)O,GSRS
BUTYLOCTYL SALICYLATE,2EH13UN8D3,CCCCCCC(CCCC)COC(=O)c1ccccc1O,GSRS
BUTYLPARABEN,3QPI1U3FV8,CCCCOC(=O)c1ccc(cc1)O,GSRS
BUTYROSPERMUM PARKII (SHEA) BUTTER,K49155WL9Y,,Not found
Benzaldehyde,TA269SD04T,c1ccc(cc1)C=O,GSRS
Benzalkonium Chloride,F5UM2KM3W7,CCCCCCCCCCCCC[N+](C)(C)CC1=CC=CC=C1.[Cl-],PubChem-Name
Bergamot Oil,39W1PKE3JI,,Not found
C10-18 TRIGLYCERIDES,43AGM4PHPI,,Not found
C12-15 ALKYL BENZOATE,A9EJ3J61HQ,CCCCCCCCCCCCOC(=O)C1=CC=CC=C1,PubChem-UNII
C12-15 ALKYL LACTATE,GC844VRD7E,CCCCCCCCCCCCOC(=O)C(C)O,PubChem-Name
C13-14 ISOPARAFFIN,E4F12ROE70,,Not found
C13-16 ISOPARAFFIN,LED42LZG6O,CCCCCCCCCCCCC(C)C,COCONUT
C15-19 Alkane,CI87N1IM01,,Not found
C30-45 ALKYL CETEARYL DIMETHICONE CROSSPOLYMER,4ZK9VP326R,,Not found
CAFFEINE,3G6A5W338E,Cn1cnc2c1c(=O)n(C)c(=O)n2C,GSRS
CALCIUM,SY7Q814VUP,[Ca],GSRS
CALCIUM ACETATE,Y882YXF34X,CC(=O)[O-].CC(=O)[O-].[Ca+2],GSRS
CALCIUM ALGINATE,8P20S56HZI,,Not found
CALCIUM CARBONATE,H0G9379FGK,C(=O)([O-])[O-].[Ca+2],GSRS
CALCIUM CHLORIDE,M4I0D6VV5M,[Ca+2].[Cl-].[Cl-].O.O,GSRS
CALCIUM HYDROXIDE,PF5DZW74VN,[Ca+2].[OH-].[OH-],GSRS
CALCIUM PANTOTHENATE,568ET80C3D,CC(C)(CO)[C@H](C(=O)NCCC(=O)[O-])O.CC(C)(CO)[C@H](C(=O)NCCC(=O)[O-])O.[Ca+2],GSRS
CALCIUM PHOSPHATE,97Z1WI3NDX,[O-]P(=O)([O-])[O-].[O-]P(=O)([O-])[O-].[Ca+2].[Ca+2].[Ca+2],PubChem-UNII
"CALCIUM PHOSPHATE, MONOBASIC, ANHYDROUS",701EKV9RMN,[Ca+2].OP(=O)(O)[O-].OP(=O)(O)[O-],GSRS
CALCIUM PIDOLATE,7Y2LVU5EKK,C1CC(=O)N[C@@H]1C(=O)[O-].C1CC(=O)N[C@@H]1C(=O)[O-].[Ca+2],GSRS
CALCIUM PYROPHOSPHATE,X69NU20D19,[Ca+2].[Ca+2].O=P([O-])([O-])OP(=O)([O-])[O-],GSRS
CALCIUM SACCHARATE,6AP9J91K4V,[C@H]([C@@H]([C@H](C(=O)[O-])O)O)([C@@H](C(=O)[O-])O)O.[Ca+2].O.O.O.O,GSRS
CALCIUM SILICATE,S4255P4G5M,[Ca+2].O[Si](O)(O)[O-].O[Si](O)(O)[O-],GSRS
CALCIUM STEARATE,776XM7047L,CCCCCCCCCCCCCCCCCC(=O)[O-].CCCCCCCCCCCCCCCCCC(=O)[O-].[Ca+2],GSRS
CALCIUM SULFATE DIHYDRATE,4846Q921YM,[Ca+2].O=S(=O)([O-])[O-].O.O,GSRS
"CALCIUM SULFATE, UNSPECIFIED FORM",WAT0DDB505,[O-]S(=O)(=O)[O-].[Ca+2],PubChem-Name
CALCOBUTROL SODIUM,PO5286589K,C1CN(CCN(CCN(CCN1CC(=O)[O-])CC(=O)[O-])[C@H](CO)[C@@H](CO)O)CC(=O)[O-].[Ca+2].[Na+],GSRS
CALDIAMIDE SODIUM,1M6415C70M,CNC(=O)CN(CCN(CCN(CC(=O)NC)CC(=O)[O-])CC(=O)[O-])CC(=O)[O-].[Ca+2].[Na+].O,GSRS
CALENDULA OFFICINALIS FLOWER,P0M7O4Y7YD,,Not found
CALOPHYLLUM TACAMAHACA SEED OIL,05G85L61OE,,Not found
CAMELLIA OLEIFERA LEAF,5077EL0C60,,Not found
CAMELLIA SINENSIS LEAF OIL,VC855RRT77,,Not found
CAMPHOR (NATURAL),N20HL7Q941,CC1(C)[C@]2([H])CC[C@@]1(C)C(=O)C2,GSRS
CAMPHOR (SYNTHETIC),5TJD82A1ET,CC1(C)[C@]2([H])CC[C@@]1(C)C(=O)C2,GSRS
CAMPHOR OIL,75IZZ8Y727,,Not found
"CAMPHOR, (-)-",213N3S8275,CC1(C)[C@@]2([H])CC[C@]1(C)C(=O)C2,GSRS
CANNABIDIOL,19GBJ60SN5,CCCCCc1cc(c([C@@H]2C=C(C)CC[C@H]2C(=C)C)c(c1)O)O,GSRS
CANNABIS SATIVA SEED OIL,69VJ1LPN1S,,Not found
CAPRIC ACID,4G9EDB6V73,CCCCCCCCCC(=O)O,GSRS
CAPRYLHYDROXAMIC ACID,UPY805K99W,CCCCCCCC(=O)NO,GSRS
CAPRYLIC/CAPRIC ACID,DI775RT244,,Not found
CAPRYLIC/CAPRIC/LAURIC TRIGLYCERIDE,FJ1H6M2JG9,CCCCCCCCCCCC(=O)OC(COC(=O)CCCCCCC)COC(=O)CCCCCCCCC,PubChem-UNII
CAPRYLIC/CAPRIC/SUCCINIC TRIGLYCERIDE,J4BY50FL78,,Not found
CAPRYLOCAPROYL POLYOXYLGLYCERIDES 8,00BT03FSO2,,Not found
"CAPRYLOCAPROYL POLYOXYLGLYCERIDES, UNSPECIFIED",MJ9J2BSO5V,,Not found
CAPRYLOYL GLYCINE,8TY5YO42NJ,CCCCCCCC(=O)NCC(=O)O,GSRS
CAPRYLOYL SALICYLIC ACID,5F7PJF6AA4,CCCCCCCC(=O)c1ccc(c(c1)C(=O)O)O,GSRS
CAPRYLYL GLYCOL,00YIU5438U,CCCCCCC(CO)O,GSRS
CAPRYLYL TRISILOXANE,Q95M2P1KJL,CCCCCCCC[Si](C)(O[Si](C)(C)C)O[Si](C)(C)C,GSRS
CAPSAICIN,S07O44R1ZM,CC(C)/C=C/CCCCC(=O)NCc1ccc(c(c1)OC)O,GSRS
CAPTAN,EOL5G26Q9F,C1=CC[C@]2([H])[C@]([H])(C1)C(=O)N(C2=O)SC(Cl)(Cl)Cl,GSRS
CARAMEL,T9D99G2B1R,CC1CC(C(=O)C1=O)C,PubChem-Name
CARBOMER 1342,809Y72KV36,,Not found
CARBOMER COPOLYMER TYPE A (ALLYL PENTAERYTHRITOL CROSSLINKED),71DD5V995L,,Not found
CARBOMER COPOLYMER TYPE C (ALLYL PENTAERYTHRITOL CROSSLINKED),1N11AG4X4L,,Not found
CARBOMER HOMOPOLYMER TYPE A (ALLYL PENTAERYTHRITOL CROSSLINKED),F68VH75CJC,,Not found
CARBOMER HOMOPOLYMER TYPE B (ALLYL PENTAERYTHRITOL CROSSLINKED),K61870Z308,,Not found
CARBOMER HOMOPOLYMER TYPE B (ALLYL PENTAERYTHRITOL OR ALLYL SUCROSE CROSSLINKED),K6MOM3T5YL,,Not found
CARBOMER HOMOPOLYMER TYPE B (ALLYL SUCROSE CROSSLINKED),Z135WT9208,,Not found
CARBOMER HOMOPOLYMER TYPE C (ALLYL PENTAERYTHRITOL CROSSLINKED),4Q93RCW27E,,Not found
"CARBOMER HOMOPOLYMER, UNSPECIFIED TYPE",0A5MM307FC,,Not found
CARBOMER INTERPOLYMER TYPE A (55000 CPS),59TL3WG5CO,,Not found
CARBOMER INTERPOLYMER TYPE B (ALLYL PENTAERYTHRITOL CROSSLINKED),132584PQMO,,Not found
CARBON DIOXIDE,142M471B3J,C(=O)=O,GSRS
CARBOXYMETHYLCELLULOSE,05JZI7B19X,CC(=O)O.C(C(C(C(C(C=O)O)O)O)O)O,PubChem-UNII
CARBOXYMETHYLCELLULOSE CALCIUM,UTY7PDF93L,,Not found
CARBOXYMETHYLCELLULOSE SODIUM,K679OBS311,CC(=O)O.C(C(C(C(C(C=O)O)O)O)O)O.[Na],PubChem-UNII
CARBOXYMETHYLCELLULOSE SODIUM (0.7 CARBOXYMETHYL SUBSTITUTION PER SACCHARIDE; 150 MPA.S AT 1%),99H65D77XY,CC(=O)O.C(C(C(C(C(C=O)O)O)O)O)O.[Na],PubChem-UNII
CARBOXYMETHYLCELLULOSE SODIUM (0.7 CARBOXYMETHYL SUBSTITUTION PER SACCHARIDE; 38 MPA.S AT 2%),YGX74DKE74,CC(=O)O.C(C(C(C(C(C=O)O)O)O)O)O.[Na],PubChem-UNII
CARBOXYMETHYLCELLULOSE SODIUM (0.7 CARBOXYMETHYL SUBSTITUTION PER SACCHARIDE; 400 MPA.S AT 1%),FC40A8XAJ3,CC(=O)O.C(C(C(C(C(C=O)O)O)O)O)O.[Na],PubChem-UNII
CARBOXYMETHYLCELLULOSE SODIUM (0.7 CARBOXYMETHYL SUBSTITUTION PER SACCHARIDE; 600 MPA.S AT 2%),Y3R0RA1Q8S,CC(=O)O.C(C(C(C(C(C=O)O)O)O)O)O.[Na],PubChem-UNII
CARBOXYMETHYLCELLULOSE SODIUM (0.9 CARBOXYMETHYL SUBSTITUTION PER SACCHARIDE; 120 MPA.S AT 1%),379M03VC9O,CC(=O)O.C(C(C(C(C(C=O)O)O)O)O)O.[Na],PubChem-UNII
CARMINIC ACID,CID8Z8N95N,Cc1c2c(cc(c1C(=O)O)O)C(=O)c3c(C2=O)c(c(c(c3O)O)[C@@]4([H])[C@@H]([C@H]([C@@H]([C@@H](CO)O4)O)O)O)O,GSRS
CARNAUBA WAX,R12CBM0EIZ,,Not found
CAROB,5MG5Z946UO,,Not found
CARRAGEENAN SODIUM,7CY8BVL34N,,Not found
CARTHAMUS TINCTORIUS SEED OLEOSOMES,9S60Q72309,,Not found
CASTOR OIL,D5340Y2I9G,CCCCCCC(O)C/C=C\CCCCCCCC(=O)OCC(OC(=O)CCCCCCC/C=C\CC(O)CCCCCC)COC(=O)CCCCCCC/C=C\CC(O)CCCCCC,PubChem-UNII
CAULOSIDE D,4N5Z068GAZ,C[C@H]1[C@@H]([C@H]([C@H]([C@@]([H])(O1)O[C@@H]2[C@@H](CO)O[C@H]([C@@H]([C@H]2O)O)OC[C@@H]3[C@H]([C@@H]([C@H]([C@@H](O3)OC(=O)[C@@]45CCC(C)(C)C[C@]5([H])C6=CC[C@]7([H])[C@@]8(C)CC[C@@H]([C@@](C)(CO)[C@]8([H])CC[C@@]7(C)[C@]6(C)CC4)O[C@@]9([H])[C@@H]([C@H]([C@H](CO9)O)O)O)O)O)O)O)O)O,GSRS
"CELLABURATE (MW 65000, 17% BUTYRYL, 30% ACETYL)",BEI30UXK2N,,Not found
CELLACEFATE,F2O5O2OI9F,,Not found
CELLULOSE ACETATE,3J2P07GVB6,CC(=O)OCC1OC(OC2C(COC(C)=O)OC(OC(C)=O)C(OC(C)=O)C2OC(C)=O)C(OC(C)=O)C(OC(C)=O)C1OC(C)=O.CCC(=O)OCC1OC(OC2C(COC(=O)CC)OC(OC(=O)CC)C(OC(=O)CC)C2OC(=O)CC)C(OC(=O)CC)C(OC(=O)CC)C1OC(=O)CC.OCC1OC(OC2C(CO)OC(O)C(O)C2O)C(O)C(O)C1O,COCONUT
CELLULOSE SODIUM PHOSPHATE,E6S1NJ4Y5Q,,Not found
"CELLULOSE, MICROCRYSTALLINE",OP1R32D61U,,Not found
CENTELLA ASIATICA TRITERPENOIDS,4YS74Q4G4J,,Not found
CERAMIDE 1,5THT33P7X7,CCCCCCCCCCCCCCCCCC(=O)OCCCCCCCCCCCCCCCCCCCCCCCCCCC(=O)N[C@@H](CO)[C@@H]([C@@H](CCCCCCCCCCCCCC)O)O,GSRS
CERAMIDE 3,4370DF050B,CCCCCCCCCCCCCC[C@H]([C@H]([C@H](CO)NC(=O)CCCCCCC/C=C\CCCCCCCC)O)O,PubChem-UNII
CERAMIDE 6 II,F1X8L2B00J,CCCCCCCCCCCCCCCCC(C(=O)N[C@@H](CO)[C@@H]([C@@H](CCCCCCCCCCCCCC)O)O)O,GSRS
CERESIN,Q1LS2UJO3A,C[C@H]1C(=O)[C@H](O)C[C@@H]2[C@]1(C)CC[C@H]1[C@@]2(C)CC[C@@]2(C)[C@@H]3CC(C)(C)CC[C@]3(C)CC[C@]12C,COCONUT
CERIC OXIDE,619G5K328Y,[Ce+4].[O-2].[O-2],GSRS
CETALKONIUM CHLORIDE,85474O1N9D,CCCCCCCCCCCCCCCC[N+](C)(C)Cc1ccccc1.[Cl-],GSRS
CETEARETH-100,DK070R75PW,,Not found
CETEARETH-12,7V4MR24V5P,,Not found
CETEARETH-15,867H4YOZ8Z,,Not found
CETEARETH-30,1R9DCZ5FOX,,Not found
CETEARETH-8,4W0XA5SY57,,Not found
CETEARYL GLUCOSIDE,09FUA47KNA,C1CN2CN(C(C3=C(C(=CC=C3)F)OCC=C1)C4=CC=CC=C4)N5C=CC(=O)C(=C5C2=O)O,PubChem-Name
CETEARYL ISONONANOATE,P5O01U99NI,CCCCCCCCCCCCCCCCOC(=O)CCCCCC(C)C,PubChem-Name
CETETH-10,LF9X1PN3XJ,CCCCCCCCCCCCCCCCOCCOCCOCCOCCOCCOCCOCCOCCOCCOCCOCCOCCOCCOCCOCCOCCOCCOCCOCCOCCO,PubChem-UNII
CETETH-10 PHOSPHATE,4E05O5N49G,,Not found
CETETH-2,7H8VAM7778,CCCCCCCCCCCCCCCCOCCOCCO,GSRS
CETETH-20,I835H2IHHX,CCCCCCCCCCCCCCCCOCCOCCOCCOCCOCCOCCOCCOCCOCCOCCOCCOCCOCCOCCOCCOCCOCCOCCOCCOCCO,PubChem-UNII
CETETH-20 PHOSPHATE,921FTA1500,,Not found
CETOSTEARYL ALCOHOL,2DMT128M1S,,Not found
CETRIMONIUM CHLORIDE,UC9PE95IBP,CCCCCCCCCCCCCCCC[N+](C)(C)C.[Cl-],GSRS
CETYL ACETATE,4Q43814HXS,CCCCCCCCCCCCCCCCOC(=O)C,GSRS
CETYL ALCOHOL,936JST6JCN,CCCCCCCCCCCCCCCCO,GSRS
CETYL ESTERS WAX,D072FFP9GU,,Not found
CETYL PALMITATE,5ZA2S6B08X,CCCCCCCCCCCCCCCCOC(=O)CCCCCCCCCCCCCCC,GSRS
CETYL PEG/PPG-10/1 DIMETHICONE (HLB 1.5),V2W71V8T0X,,Not found
CETYL PEG/PPG-10/1 DIMETHICONE (HLB 5),035JKJ76MT,,Not found
CETYL PHOSPHATE,VT07D6X67O,CCCCCCCCCCCCCCCCOP(=O)(O)O,GSRS
CETYLHYDROXYPROLINE PALMITAMIDE,74ONU0S62G,CCCCCCCCCCCCCCCCOC(=O)[C@@H]1C[C@H](CN1C(=O)CCCCCCCCCCCCCCC)O,GSRS
CETYLPYRIDINIUM CHLORIDE,D9OM4SK49P,CCCCCCCCCCCCCCCC[n+]1ccccc1.[Cl-].O,GSRS
CHAMAEMELUM NOBILE FLOWER,O2T154T6OG,,Not found
CHAMOMILE,FGL3685T2X,,Not found
CHAMOMILE FLOWER OIL,60F80Z61A9,,Not found
CHERRY,BUC5I9595W,,Not found
CHITOSAN MEDIUM MOLECULAR WEIGHT (200-800 MPA.S),82LKS4QV2Y,,Not found
CHLORIDE ION,Q32ZN48698,[Cl-],GSRS
CHLOROBUTANOL,HM4YQM8WRC,CC(C)(C(Cl)(Cl)Cl)O,GSRS
CHLOROBUTANOL HEMIHYDRATE,3X4P6271OX,CC(C)(C(Cl)(Cl)Cl)O.CC(C)(C(Cl)(Cl)Cl)O.O,GSRS
CHLOROCRESOL,36W53O7109,Cc1cc(ccc1Cl)O,GSRS
CHLOROFORM,7V31YC746X,C(Cl)(Cl)Cl,GSRS
CHLOROTHYMOL,LJ25TI0CVT,CC(C)c1cc(c(C)cc1O)Cl,GSRS
CHLORPHENESIN,I670DAL4SZ,c1cc(ccc1Cl)OCC(CO)O,GSRS
CHOLECALCIFEROL,1C6V77QF41,CC(C)CCC[C@@H](C)[C@@]1([H])CC[C@@]2([H])/C(=C/C=C\3/C[C@H](CCC3=C)O)/CCC[C@]12C,GSRS
CHOLESTEROL,97C5T2UQ7J,CC(C)CCC[C@@H](C)[C@@]1([H])CC[C@@]2([H])[C@]3([H])CC=C4C[C@H](CC[C@]4(C)[C@@]3([H])CC[C@]12C)O,GSRS
CHOLINE BITARTRATE,6K2W7T9V6Y,C[N+](C)(C)CCO.[C@@H]([C@H](C(=O)[O-])O)(C(=O)O)O,GSRS
CHOLINE CHLORIDE,45I14D8O27,C[N+](C)(C)CCO.[Cl-],GSRS
CHONDROITIN 6-SULFATE,7LWQ6472SP,CC(=O)N[C@@H]1[C@H]([C@H]([C@H](O[C@H]1O)OS(=O)(=O)O)O)O[C@H]2[C@@H]([C@H]([C@@H]([C@H](O2)C(=O)O)O)O)O,PubChem-UNII
CHONDROITIN SULFATE (BOVINE),6IC1M3OG5Z,,Not found
CHONDROITIN SULFATE (SHARK),2ZAJ1K50XH,,Not found
CHROMIC OXIDE,X5Z09SU859,[Cr+3].[Cr+3].[O-2].[O-2].[O-2],GSRS
CINNAMALDEHYDE,SR60A3XG0F,c1ccc(cc1)/C=C/C=O,GSRS
CINNAMON,5S29HWU6QB,,Not found
CINQUASIA RED,11P487375P,c1ccc2c(c1)c(=O)c3cc4c(cc3[nH]2)c(=O)c5ccccc5[nH]4,GSRS
CITRAL,T7EU0O9VPP,CC(=CCC/C(=C/C=O)/C)C,PubChem-UNII
CITRIC ACID ACETATE,DSO12WL7AU,CC(=O)OC(CC(=O)O)(CC(=O)O)C(=O)O,GSRS
CITRIC ACID ISOPROPYL ETHER,19776V0481,CC(C)OC(CC(=O)O)(CC(=O)O)C(=O)O,GSRS
CITRIC ACID MONOHYDRATE,2968PHW8QP,C(C(=O)O)C(CC(=O)O)(C(=O)O)O.O,GSRS
"CITRIC ACID, 1-STEARYL ESTER",E945AJ51FA,CCCCCCCCCCCCCCCCCCOC(=O)CC(CC(=O)O)(C(=O)O)O,GSRS
CITRONELLIC ACID,1JJT408R87,CC(=CCCC(C)CC(=O)O)C,GSRS
"CITRONELLOL ACETATE, (R)-",9X45FJL446,CC(=CCC[C@@H](C)CCOC(=O)C)C,GSRS
CITRULLINE,29VT07BGDA,C(C[C@@H](C(=O)O)N)CNC(=O)N,GSRS
CITRUS FRUIT,XDK00Z8012,,Not found
CLOVE,K48IKT5321,,Not found
CLOVE OIL,578389D6D0,,Not found
COCAMIDE,3YXD33R71G,,Not found
COCAMIDOPROPYL BETAINE,5OCF3O11KX,CCCCCCCCCCCC(=O)NCCC[N+](C)(C)CC(=O)[O-],PubChem-UNII
COCARBOXYLASE,Q57971654Y,Cc1c(CCOP(=O)(O)OP(=O)(O)O)sc[n+]1Cc2cnc(C)nc2N,GSRS
COCHINEAL,TZ8Z31B35M,,Not found
COCO DIETHANOLAMIDE,92005F972D,CNC.C1=CC(=C(C=C1Cl)Cl)OCC(=O)O.C(=O)(C(Cl)(Cl)Cl)C(Cl)(Cl)Cl,PubChem-Name
COCO-BETAINE,03DH2IZ3FY,,Not found
COCO-CAPRYLATE/CAPRATE,8D9H4QU99H,,Not found
COCOA,D9108TZ9KG,,Not found
COCOA BUTTER,512OYT1CRR,,Not found
COCONUT ALKANES,1E5KJY107T,,Not found
COCONUT OIL,Q9L0O73W7L,,Not found
COLFOSCERIL PALMITATE,319X2NFW0A,CCCCCCCCCCCCCCCC(=O)OC[C@H](COP(=O)([O-])OCC[N+](C)(C)C)OC(=O)CCCCCCCCCCCCCCC,GSRS
COMFREY LEAF,DG4F8T839X,,Not found
CONVALLARIA MAJALIS,QHH4HVF5QE,,Not found
COPOVIDONE K25-31,D9C330MD8B,,Not found
COPPER GLUCONATE,RV823G6G67,C([C@H]([C@H]([C@@H]([C@H](C(=O)[O-])O)O)O)O)O.C([C@H]([C@H]([C@@H]([C@H](C(=O)[O-])O)O)O)O)O.[Cu+2],GSRS
COPPER GLYCINATE,68VAV8QID7,C(C(=O)[O-])N.C(C(=O)[O-])N.[Cu+2],GSRS
CORN,0N8672707O,,Not found
CORN GLYCERIDES,1DAF35W3S2,CCCCC/C=C\C/C=C\CCCCCCCC(=O)OC[C@H](CO)O,PubChem-Name
CORN OIL,8470G57WFM,,Not found
CORN OIL PEG-6 ESTERS,1U4409FY0P,,Not found
CORN STARCH 3-E-DODECENYL SUCCINIC ANHYDRIDE MODIFIED,QG4MW19XYX,,Not found
CORN SYRUP,9G5L16BK6N,,Not found
COTTON,7S4U9R5259,,Not found
COTTON SEED,DI0ZRJ0MXN,,Not found
COTTONSEED OIL,H3E878020N,,Not found
COW MILK FAT,463JZS0XJ3,,Not found
CRANBERRY,0MVO31Q3QS,,Not found
CRANBERRY SEED OIL,73KDS3BW5E,,Not found
CREATININE,AYI8EX34EU,CN1CC(=O)N=C1N,GSRS
CRESOL,GF3CGH8D7Z,,Not found
CROSCARMELLOSE,029TFK992N,,Not found
CROSPOVIDONE,2S7830E561,O=C1CCCN1C(P)CP,COCONUT
CROSPOVIDONE (20 .MU.M),6B46OH7T95,,Not found
CROSPOVIDONE (35 .MU.M),40UAA97IT9,,Not found
CUCUMBER,YY7C30VXJT,,Not found
CUPRIC CHLORIDE,S2QG84156O,[Cl-].[Cl-].[Cu+2].O.O,GSRS
CUPRIC SULFATE,LRX7AJ16DT,[Cu+2].O=S(=O)([O-])[O-].O.O.O.O.O,GSRS
CUPROUS CHLORIDE,C955P95064,[Cl-].[Cu+],GSRS
CYANOCOBALAMIN,P6YC3EG204,Cc1cc2c(cc1C)n(cn2)[C@@H]3[C@@H]([C@@H]([C@@H](CO)O3)OP(=O)([O-])O[C@H](C)CNC(=O)CC[C@]\4(C)[C@@H](CC(=O)N)C5[C@@]6(C)[C@@](C)(CC(=O)N)[C@H](CCC(=O)N)C(=N6)/C(=C7/[C@@](C)(CC(=O)N)[C@H](CCC(=O)N)C(=N7)/C=C8/C(C)(C)[C@H](CCC(=O)N)C(=N8)/C(=C4\[N-]5)/C)/C)O.[C-]#N.[Co+3],GSRS
CYCLOMETHICONE,NMQ347994Z,,Not found
CYCLOMETHICONE 5,0THT5PCI0R,C[Si]1(C)O[Si](C)(C)O[Si](C)(C)O[Si](C)(C)O[Si](C)(C)O1,GSRS
CYCLOMETHICONE 6,XHK3U310BA,C[Si]1(C)O[Si](C)(C)O[Si](C)(C)O[Si](C)(C)O[Si](C)(C)O[Si](C)(C)O1,GSRS
CYPERUS ESCULENTUS LEAF,T1004HC0OF,,Not found
CYSTEAMINE,5UX2SD1KE2,C(CS)N,GSRS
CYSTEINE,K848JZ4886,C([C@@H](C(=O)O)N)S,GSRS
CYSTEINE HYDROCHLORIDE,ZT934N0X4W,C([C@@H](C(=O)O)N)S.Cl.O,GSRS
CYSTINE,48TCX9A1VT,C([C@@H](C(=O)O)N)SSC[C@@H](C(=O)O)N,GSRS
Candelilla Wax,WL0328HX19,,Not found
Carbon Monoxide,7U1EE4V452,[C-]#[O+],GSRS
Casein,48268V50D5,CC(C)CC(NC(=O)C(CCC(=O)O)NC(=O)C(CC(=O)O)NC(=O)C(CCC(=O)O)NC(=O)C(NC(=O)C(CCC(N)=O)NC(=O)C(CCC(N)=O)NC(=O)C(CCC(N)=O)NC(=O)C(CCC(=O)O)NC(=O)C(CCC(=O)O)NC(=O)C(COP(=O)(O)O)NC(=O)C(CCC(N)=O)NC(=O)C(N)CC1=CC=CC=C1)C(C)O)C(=O)NC(CCC(N)=O)C(=O)NC(CC(=O)O)C(=O)NC(CCCCN)C(=O)O,COCONUT
Cetearyl Olivate,58B69Q84JO,,Not found
Cyclomethicone 4,CZ227117JE,C[Si]1(C)O[Si](C)(C)O[Si](C)(C)O[Si](C)(C)O1,GSRS
D&C BLACK NO. 2,4XYU5U00C4,c1cc2cc3cc4c(cc5c6c4c7c3c8c2c9c1ccc%10c9c%11c%12c(cc%13c%14c%12c%15c(c8%11)c7c%16c6=c%17c(cc%18c%19c%20c(cc%21c%22c%23c(cc%24CC%25CCSC%13C%25C%26c%24c%23c%27c(c%20%22)c(c%19%17)C%16C%15C%27=C%14%26)CO%21)C(=O)C%18=O)C5=O)O%10)C(=O)O,GSRS
D&C GREEN NO. 5,8J6RDU8L9X,Cc1ccc(c(c1)S(=O)(=O)[O-])Nc2ccc(c3c2C(=O)c4ccccc4C3=O)Nc5ccc(C)cc5S(=O)(=O)[O-].[Na+].[Na+],GSRS
D&C ORANGE NO. 10,YUW2S48521,C1=CC=C2C(=C1)C(=O)OC23C4=C(C(=C(C=C4)O)I)OC5=C3C=CC(=C5I)O,PubChem-Name
D&C RED NO. 22,1678RKX8RT,C1=CC=C(C(=C1)C2=C3C=C(C(=O)C(=C3OC4=C(C(=C(C=C24)Br)[O-])Br)Br)Br)C(=O)[O-].[Na+].[Na+],PubChem-UNII
D&C RED NO. 27,2LRS185U6K,c1c2c(c(c(c1Br)O)Br)Oc3c(cc(c(c3Br)O)Br)C24c5c(c(c(c(c5Cl)Cl)Cl)Cl)C(=O)O4,GSRS
D&C RED NO. 27 ALUMINUM LAKE,ZK64F7XSTX,c1c2c(c-3cc(c(=O)c(c3oc2c(c(c1Br)[O-])Br)Br)Br)-c4c(c(c(c(c4Cl)Cl)Cl)Cl)C(=O)[O-].c1c2c(c-3cc(c(=O)c(c3oc2c(c(c1Br)[O-])Br)Br)Br)-c4c(c(c(c(c4Cl)Cl)Cl)Cl)C(=O)[O-].c1c2c(c-3cc(c(=O)c(c3oc2c(c(c1Br)[O-])Br)Br)Br)-c4c(c(c(c(c4Cl)Cl)Cl)Cl)C(=O)[O-].[Al+3].[Al+3],GSRS
D&C RED NO. 28,767IP0Y5NH,c1c2c(c-3cc(c(=O)c(c3oc2c(c(c1Br)[O-])Br)Br)Br)-c4c(c(c(c(c4Cl)Cl)Cl)Cl)C(=O)[O-].[Na+].[Na+],GSRS
D&C RED NO. 30,2S42T2808B,Cc1cc(cc2c1C(=O)/C(=C\3/C(=O)c4c(C)cc(cc4S3)Cl)/S2)Cl,GSRS
D&C RED NO. 30 ALUMINUM LAKE,GE75M6YV5W,,Not found
D&C RED NO. 33,9DBA0SBB0L,c1ccc(cc1)/N=N/c2c(cc3cc(cc(c3c2O)N)S(=O)(=O)[O-])S(=O)(=O)[O-].[Na+].[Na+],GSRS
D&C RED NO. 6,481744AI4O,Cc1ccc(c(c1)S(=O)(=O)[O-])/N=N/c2c3ccccc3cc(c2O)C(=O)[O-].[Na+].[Na+],GSRS
D&C RED NO. 6 BARIUM LAKE,K4XZD9W99K,Cc1ccc(c(c1)S(=O)(=O)[O-])/N=N/c2c3ccccc3cc(c2O)C(=O)[O-].[Ba+2],GSRS
D&C RED NO. 7,ECW0LZ41X8,Cc1ccc(c(c1)S(=O)(=O)[O-])/N=N/c2c3ccccc3cc(c2O)C(=O)[O-].[Ca+2],GSRS
D&C YELLOW NO. 10,35SW5USQ3G,C1=CC=C2C(=C1)C(=O)C(C2=O)C3=NC4=C(C=C(C=C4C=C3)S(=O)(=O)[O-])S(=O)(=O)[O-].[Na+].[Na+],PubChem-UNII
D&C YELLOW NO. 10 ALUMINUM LAKE,CQ3XH3DET6,,Not found
"DECANOIC ACID, 1-METHYLBUTYL ESTER",59VBP7Z87U,CCCCCCCCCC(=O)OC(C)CCC,GSRS
DECYL GLUCOSIDE,Z17H97EA6Y,CCCCCCCCCCO[C@H]1[C@@H]([C@H]([C@@H]([C@@H](CO)O1)O)O)O,GSRS
DECYL OLEATE,ZGR06DO97T,CCCCCCCC/C=C\CCCCCCCC(=O)OCCCCCCCCCC,GSRS
DEHYDROACETIC ACID,2KAG279R6R,Cc1cc(c(C(=O)C)c(=O)o1)O,GSRS
DEMANNOSE,PHA4727WTP,C(=O)[C@H]([C@H]([C@@H]([C@@H](CO)O)O)O)O,GSRS
DEOXYCHOLIC ACID,005990WHZZ,C[C@H](CCC(=O)O)[C@@]1([H])CC[C@@]2([H])[C@]3([H])CC[C@]4([H])C[C@@H](CC[C@]4(C)[C@@]3([H])C[C@@H]([C@]12C)O)O,GSRS
DETOSU/TRIETHYLENE GLYCOL/TRIETHYLENE GLYCOL POLYGLYCOLIDE COPOLYMER,JC2Q67KRW7,,Not found
DEXPANTHENOL,1O6C93RI7Z,CC(C)(CO)[C@H](C(=O)NCCCO)O,GSRS
DEXTRATES,G263MI44RU,,Not found
"DEXTRIN, CORN",VAD2K35XAJ,,Not found
DEXTROSE MONOHYDRATE,LX22YL083G,C(=O)[C@@H]([C@H]([C@@H]([C@@H](CO)O)O)O)O.O,GSRS
"DEXTROSE, UNSPECIFIED FORM",IY9XDZ35W2,C([C@@H]1[C@H]([C@@H]([C@H](C(O1)O)O)O)O)O,PubChem-Synonym
DI-(4-TERT-BUTYLCYCLOHEXYL)PEROXYDICARBONATE,076NU497LZ,CC(C)(C)C1CCC(CC1)OC(=O)OOC(=O)OC2CCC(CC2)C(C)(C)C,GSRS
DIACETYLATED MONOGLYCERIDES,5Z17386USF,CCCCCCCCCCCCCCCCCCOCC(CO)OC(=O)C,PubChem-Name
DIACETYLTARTARIC AND FATTY ACID ESTERS OF GLYCEROL,248HN3Z28U,,Not found
DIATOMACEOUS EARTH,2RF6EJ0M85,,Not found
DIAZOLIDINYL UREA,H5RIZ3MPW4,C(NC(=O)N(CO)C1C(=O)N(C(=O)N1CO)CO)O,PubChem-UNII
DIBASIC CALCIUM PHOSPHATE DIHYDRATE,O7TSZ97GEP,[Ca+2].OP(=O)([O-])[O-].O.O,GSRS
DIBUTYL PHTHALATE,2286E5R2KE,CCCCOC(=O)c1ccccc1C(=O)OCCCC,GSRS
DIBUTYL SEBACATE,4W5IH7FLNY,CCCCOC(=O)CCCCCCCCC(=O)OCCCC,GSRS
DICAPRYLYL CARBONATE,609A3V1SUA,CCCCCCCCOC(=O)OCCCCCCCC,GSRS
DICHLOROBENZYL ALCOHOL,1NKX3648J9,c1cc(cc(c1CO)Cl)Cl,GSRS
DIETHANOLAMINE,AZE05TDV2V,C(CO)NCCO,GSRS
DIETHANOLAMINE CETYL PHOSPHATE,4UG0316V9S,CCCCCCCCCCCCCCCCOP(=O)(O)O.C(CO)NCCO,GSRS
DIETHYL PHTHALATE,UF064M00AF,CCOC(=O)c1ccccc1C(=O)OCC,GSRS
DIETHYL SEBACATE,I41B9FJK6V,CCOC(=O)CCCCCCCCC(=O)OCC,GSRS
DIETHYLENE GLYCOL MONOETHYL ETHER,A1A1I8X02B,CCOCCOCCO,GSRS
DIGLYCERIN,3YC120743U,C(C(COCC(CO)O)O)O,PubChem-UNII
DIHEXADECYL PHOSPHATE,2V6E5WN99N,CCCCCCCCCCCCCCCCOP(=O)(O)OCCCCCCCCCCCCCCCC,GSRS
DIHYDROXYALUMINUM AMINOACETATE,DO250MG0W6,C(C(=O)[O-])N.[Al+3].O.[OH-].[OH-],GSRS
DIISOPROPANOLAMINE,0W44HYL8T5,CC(CNCC(C)O)O,GSRS
DIISOPROPYL ADIPATE,P7E6YFV72X,CC(C)OC(=O)CCCCC(=O)OC(C)C,GSRS
DIMETHICONE,92RU3N3Y1O,C[Si](C)(C)O[Si](C)(C)C,COCONUT
DIMETHICONE 1000,MCU2324216,,Not found
DIMETHICONE 12500,D1R3R4B8M8,,Not found
DIMETHICONE 200,RGS4T2AS00,,Not found
DIMETHICONE 350,2Y53S6ATLU,C[Si](C)(C)O[Si](C)(C)O[Si](C)(C)C,PubChem-Name
DIMETHICONE 410,TYU5GP6XGE,,Not found
DIMETHICONE CROSSPOLYMER (450000 MPA.S AT 12% IN CYCLOPENTASILOXANE),UF7620L1W6,,Not found
DIMETHICONE PEG-8 ADIPATE,09Y0SJ39VP,,Not found
DIMETHICONE/DIENE DIMETHICONE CROSSPOLYMER,RSA9I561OK,,Not found
DIMETHICONOL/TRIMETHYLSILOXYSILICATE CROSSPOLYMER (40/60 W/W; 1000000 PA.S),83D19O7250,,Not found
DIMETHYL ETHER,AM13FS69BX,COC,GSRS
DIMETHYL SULFONE,9H4PO4Z4FT,CS(=O)(=O)C,GSRS
DIOSCOREA VILLOSA ROOT,IWY3IWX2G8,,Not found
"DIPALMITOYLPHOSPHATIDYLCHOLINE, DL-",2W15RT5V7V,CCCCCCCCCCCCCCCC(=O)OCC(COP(=O)([O-])OCC[N+](C)(C)C)OC(=O)CCCCCCCCCCCCCCC,GSRS
DIPROPYLENE GLYCOL,E107L85C40,CC(CO)OC(C)CO.CC(COCC(C)O)O,PubChem-UNII
DIPYRITHIONE,9L87N86R9A,c1cc[n+](c(c1)SSc2cccc[n+]2[O-])[O-],GSRS
DISODIUM CITRATE SESQUIHYDRATE,CZ1032CEKR,C(C(=O)[O-])C(CC(=O)[O-])(C(=O)[O-])O.C(C(=O)[O-])C(CC(=O)[O-])(C(=O)[O-])O.[Na+].[Na+].[Na+].[Na+].O.O.O.[H+].[H+],GSRS
DISODIUM COCOAMPHODIACETATE,18L9G3U51M,,Not found
DISODIUM ETHYLENEDIAMINEDIACETATE,EQL53S5L0F,C(CNCC(=O)[O-])NCC(=O)[O-].[Na+].[Na+],GSRS
DISODIUM HYDROGEN CITRATE,6FO62KCQ7A,C(C(=O)[O-])C(CC(=O)[O-])(C(=O)[O-])O.[Na+].[Na+].[H+],GSRS
DISODIUM LAURETH SULFOSUCCINATE,D6DH1DTN7E,,Not found
DISODIUM LAURYL SULFOSUCCINATE,P160Q81342,CCCCCCCCCCCCOC(=O)CC(C(=O)O)S(=O)(=O)[O-].[Na+],PubChem-UNII
DISODIUM OLEAMIDO MONOETHANOLAMINE SULFOSUCCINATE,5M1101WGSY,CCCCCCCC/C=C\CCCCCCCC(=O)NCCOC(=O)C(CC(=O)[O-])S(=O)(=O)[O-].[Na+].[Na+],PubChem-UNII
DISODIUM STEAROYL GLUTAMATE,45ASM2L11M,CCCCCCCCCCCCCCCCCC(=O)N[C@@H](CCC(=O)[O-])C(=O)[O-].[Na+].[Na+],GSRS
DISODIUM SULFOSALICYLATE,WFP6MAA96R,c1cc(c(cc1S(=O)(=O)[O-])C(=O)[O-])O.[Na+].[Na+],GSRS
DISTEAROYLETHYL HYDROXYETHYLMONIUM METHOSULFATE,G52U8T64UM,CCCCCCCCCCCCCCCCCC(=O)OCC[N+](C)(CCO)CCOC(=O)CCCCCCCCCCCCCCCCC.COS(=O)(=O)[O-],GSRS
"DISTEAROYLPHOSPHATIDYLCHOLINE, DL-",EAG959U971,CCCCCCCCCCCCCCCCCC(=O)OCC(COP(=O)([O-])OCC[N+](C)(C)C)OC(=O)CCCCCCCCCCCCCCCCC,GSRS
"DISTEAROYLPHOSPHATIDYLGLYCEROL, DL-",4271ZA8WXO,CCCCCCCCCCCCCCCCCC(=O)OCC(COP(=O)(O)OCC(CO)O)OC(=O)CCCCCCCCCCCCCCCCC,GSRS
DISTEARYL PHTHALAMIC ACID,5552GSZ9LI,CCCCCCCCCCCCCCCCCCN(CCCCCCCCCCCCCCCCCC)C(=O)c1ccccc1C(=O)O,GSRS
DITETRACYCLINE TETRASODIUM EDETATE,WX0A0IT7K5,C[C@]1(c2cccc(c2C(=O)C3=C([C@]4([C@@]([H])(C[C@@]31[H])[C@@H](C(=C(C4=O)C(=O)N)O)N(C)C)O)O)O)O.C[C@]1(c2cccc(c2C(=O)C3=C([C@]4([C@@]([H])(C[C@@]31[H])[C@@H](C(=C(C4=O)C(=O)N)O)N(C)C)O)O)O)O.C(CN(CC(=O)[O-])CC(=O)[O-])N(CC(=O)[O-])CC(=O)[O-].[Na+].[Na+].[Na+].[Na+],GSRS
DL-LACTIDE AND GLYCOLIDE (50:50) COPOLYMER 12000 ETHYL ESTER,7SVE964630,,Not found
DL-LACTIDE AND GLYCOLIDE (50:50) COPOLYMER 46000 ACID,LQ35R50VR1,,Not found
DL-LACTIDE AND GLYCOLIDE (50:50) COPOLYMER 63000 ACID,QD923V64H3,,Not found
DL-LACTIDE AND GLYCOLIDE (75:25) COPOLYMER 140000 ACID,1SIA8062RS,,Not found
DMDM HYDANTOIN,BYR0546TOW,CC1(C)C(=O)N(CO)C(=O)N1CO,GSRS
DMSO,YOW8V9698H,C[S+](C)[O-],GSRS
DOCONEXENT,ZAD9OKH9JC,CC/C=C\C/C=C\C/C=C\C/C=C\C/C=C\C/C=C\CCC(=O)O,GSRS
DOCOSANOL,9G1OE216XY,CCCCCCCCCCCCCCCCCCCCCCO,GSRS
DOCUSATE SODIUM,F05Q2T2JA0,CCCCC(CC)COC(=O)CC(C(=O)OCC(CC)CCCC)S(=O)(=O)[O-].[Na+],GSRS
DOCUSATE SODIUM/SODIUM BENZOATE,656HXR6YXN,CCCCC(CC)COC(=O)CC(C(=O)OCC(CC)CCCC)S(=O)(=O)[O-].c1ccc(cc1)C(=O)[O-].[Na+].[Na+],GSRS
"DPBS 1X, NO CALCIUM, NO MAGNESIUM",D9FS8LTC4V,,Not found
Dimethyl isosorbide,SA6A6V432S,CO[C@@H]1CO[C@]2([H])[C@H](CO[C@]12[H])OC,GSRS
Dimethylaminoethyl Methacrylate - Butyl Methacrylate - Methyl Methacrylate Copolymer,905HNO1SIH,CCCCOC(=O)C(=C)C.CC(=C)C(=O)OC.CC(=C)C(=O)OCCN(C)C,PubChem-UNII
Disteardimonium Hectorite,X687XDK09L,CCCCCCCCCCCCCCCCCC[N+](C)(C)CCCCCCCCCCCCCCCCCC.[Li+].[Mg+2].[Na+].[O-][Si]12O[Si]([O-])(O1)O[Si]3([O-])O[Si]([O-])(O3)O2.[OH-].[OH-],GSRS
Dodecylphosphocholine,M5CF6282DD,CCCCCCCCCCCCOP(=O)([O-])OCC[N+](C)(C)C,GSRS
"ECHINACEA, UNSPECIFIED",4N9P6CC1DX,,Not found
EDETATE CALCIUM DISODIUM,25IH6R4SGF,C(CN(CC(=O)[O-])CC(=O)[O-])N(CC(=O)[O-])CC(=O)[O-].[Ca+2].[Na+].[Na+].O.O,GSRS
EDETATE CALCIUM DISODIUM ANHYDROUS,8U5D034955,C(CN(CC(=O)[O-])CC(=O)[O-])N(CC(=O)[O-])CC(=O)[O-].[Ca+2].[Na+].[Na+],GSRS
EDETATE DISODIUM,7FLD91C86K,C(CN(CC(=O)O)CC(=O)[O-])N(CC(=O)O)CC(=O)[O-].[Na+].[Na+].O.O,GSRS
EDETATE DISODIUM ANHYDROUS,8NLQ36F6MM,C(CN(CC(=O)O)CC(=O)[O-])N(CC(=O)O)CC(=O)[O-].[Na+].[Na+],GSRS
EDETATE SODIUM,MP1J8420LU,C(CN(CC(=O)[O-])CC(=O)[O-])N(CC(=O)[O-])CC(=O)[O-].[Na+].[Na+].[Na+].[Na+],GSRS
EDETATE SODIUM TETRAHYDRATE,L13NHD21X6,C(CN(CC(=O)[O-])CC(=O)[O-])N(CC(=O)[O-])CC(=O)[O-].[Na+].[Na+].[Na+].[Na+].O.O.O.O,GSRS
EDETATE TRISODIUM,420IP921MB,C(CN(CC(=O)[O-])CC(=O)[O-])N(CC(=O)O)CC(=O)[O-].[Na+].[Na+].[Na+],GSRS
EDETIC ACID,9G34HU7RV0,C(CN(CC(=O)O)CC(=O)O)N(CC(=O)O)CC(=O)O,GSRS
EGG PHOSPHOLIPIDS,1Z74184RGV,,Not found
EPILOBIUM ANGUSTIFOLIUM FLOWERING TOP,08H094218D,,Not found
EQUINE COLLAGEN,3221SCV0LS,,Not found
ERYTHROSINE SODIUM ANHYDROUS,8TL7LH93FM,c1ccc(c(c1)-c2c3cc(c(c(c3oc4-c2cc(c(=O)c4I)I)I)[O-])I)C(=O)[O-].[Na+].[Na+],GSRS
ETHYL 2-METHYLBUTYRATE,L1T4AB29DS,CCC(C)C(=O)OCC,GSRS
ETHYL ACRYLATE,71E6178C9T,C=CC(=O)OCC,GSRS
ETHYL ACRYLATE AND METHYL METHACRYLATE COPOLYMER (2:1; 600000 MW),XRK36F13ZZ,,Not found
ETHYL ACRYLATE AND METHYL METHACRYLATE COPOLYMER (2:1; 750000 MW),P2OM2Q86BI,,Not found
ETHYL ACRYLATE AND METHYL METHACRYLATE COPOLYMER DISPERSION (2:1; 750000 MW 30% AQUEOUS),8NT5GK8OOD,,Not found
ETHYL ACRYLATE AND METHYL METHACRYLATE COPOLYMER DISPERSION (2:1; 750000 MW 40% AQUEOUS),0MKJ04EU89,,Not found
ETHYL BUTYRATE,UFD2LZ005D,CCCC(=O)OCC,GSRS
ETHYL ISOVALERATE,9ZZ5597636,CCOC(=O)CC(C)C,GSRS
ETHYL LACTATE,F3P750VW8I,CCOC(=O)C(C)O,GSRS
ETHYL MENTHANE CARBOXAMIDE,6S7S02945H,CCNC(=O)C1CC(C)CCC1C(C)C,GSRS
ETHYL OLEATE,Z2Z439864Y,CCCCCCCC/C=C\CCCCCCCC(=O)OCC,GSRS
ETHYL VALERATE,95R258T4P6,CCCCC(=O)OCC,GSRS
ETHYL VANILLIN,YC9ST449YJ,CCOc1cc(ccc1O)C=O,GSRS
ETHYLCELLULOSE (10 MPA.S),3DYK7UYZ62,,Not found
ETHYLCELLULOSE (100 MPA.S),47MLB0F1MV,,Not found
ETHYLCELLULOSE (20 MPA.S),BJG0S321QY,,Not found
ETHYLCELLULOSE (4 MPA.S),KC5472WRJK,,Not found
ETHYLCELLULOSE (45 MPA.S),V7AD894FAZ,,Not found
ETHYLCELLULOSE (7 MPA.S),H3UP11403C,,Not found
ETHYLCELLULOSE AQUEOUS DISPERSION TYPE A,MX37N1DUF3,,Not found
ETHYLCELLULOSE AQUEOUS DISPERSION TYPE B,HZJ2V81RYU,,Not found
ETHYLCELLULOSES,7Z8S9VYZ4B,,Not found
ETHYLENE BRASSYLATE,9A87HC7ROD,C1CCCCCC(=O)OCCOC(=O)CCCCC1,GSRS
ETHYLENE DISTEARAMIDE,603RP8TB9A,CCCCCCCCCCCCCCCCCC(=O)NCCNC(=O)CCCCCCCCCCCCCCCCC,GSRS
ETHYLENE GLYCOL,FC72KVT52F,C(CO)O,GSRS
ETHYLENE GLYCOL MONOETHYL ETHER,IDK7C2HS09,CCOCCO,GSRS
ETHYLENE-VINYL ACETATE COPOLYMER (19% VINYLACETATE),JK6142KK4O,,Not found
ETHYLENE-VINYL ACETATE COPOLYMER (28% VINYL ACETATE),8ILA5X28VS,,Not found
ETHYLENE-VINYL ACETATE COPOLYMER (50% VINYL ACETATE),3H390O24SI,,Not found
ETHYLENE-VINYL ACETATE COPOLYMER (9% VINYLACETATE),4OKC630HS6,,Not found
ETHYLHEXYL ACETATE,2C7K8OA8SB,CCCCC(CC)COC(=O)C,GSRS
ETHYLHEXYL HYDROXYSTEARATE,B7I80BVV5E,CCCCCCC(CCCCCCCCCCC(=O)OCC(CC)CCCC)O,GSRS
ETHYLHEXYL METHOXYCRYLENE,S3KFG6Q5X8,CCCCC(CC)COC(=O)C(=C(c1ccccc1)c2ccc(cc2)OC)C#N,GSRS
ETHYLHEXYL PALMITATE,2865993309,CCCCCCCCCCCCCCCC(=O)OCC(CC)CCCC,GSRS
ETHYLHEXYL STEARATE,EG3PA2K3K5,CCCCCCCCCCCCCCCCCC(=O)OCC(CC)CCCC,GSRS
ETHYLHEXYLGLYCERIN,147D247K3P,CCCCC(CC)COCC(CO)O,GSRS
ETHYLPARABEN SODIUM,Z0D00IVA10,CCOC(=O)c1ccc(cc1)[O-].[Na+],GSRS
EUCALYPTOL,RV6J6604TK,CC1(C)[C@H]2CCC(C)(CC2)O1,GSRS
EUCALYPTUS OIL,2R04ONI662,,Not found
EUPHAUSIA KRILL,B9AJZ544PE,,Not found
Emu Oil,344821WD61,,Not found
Ethyl Maltol,L6Q8K29L05,CCc1c(c(=O)cco1)O,GSRS
Ethyl acetate,76845O8NMZ,CCOC(=O)C,GSRS
Ethylenediamine,60V9STC53F,C(CN)N,GSRS
FD&C BLUE NO. 1,H3R47K3TBD,CCN(CC1=CC(=CC=C1)S(=O)(=O)[O-])C2=CC=C(C=C2)C(=C3C=CC(=[N+](CC)CC4=CC(=CC=C4)S(=O)(=O)[O-])C=C3)C5=CC=CC=C5S(=O)(=O)[O-].[Na+].[Na+],PubChem-UNII
FD&C BLUE NO. 1 ALUMINUM LAKE,J9EQA3S2JM,CCN(Cc1cccc(c1)S(=O)(=O)[O-])c2ccc(cc2)/C(=C\3C=C/C(=[N+](\CC)/Cc4cccc(c4)S(=O)(=O)[O-])C=C3)/c5ccccc5S(=O)(=O)[O-].CCN(Cc1cccc(c1)S(=O)(=O)[O-])c2ccc(cc2)/C(=C\3C=C/C(=[N+](\CC)/Cc4cccc(c4)S(=O)(=O)[O-])C=C3)/c5ccccc5S(=O)(=O)[O-].CCN(Cc1cccc(c1)S(=O)(=O)[O-])c2ccc(cc2)/C(=C\3C=C/C(=[N+](\CC)/Cc4cccc(c4)S(=O)(=O)[O-])C=C3)/c5ccccc5S(=O)(=O)[O-].[Al+3].[Al+3],GSRS
FD&C BLUE NO. 2,L06K8R7DQK,C1=CC2=C(C=C1S(=O)(=O)[O-])C(=C(N2)C3=NC4=C(C3=O)C=C(C=C4)S(=O)(=O)[O-])O.[Na+].[Na+],PubChem-UNII
FD&C BLUE NO. 2--ALUMINUM LAKE,4AQJ3LG584,c1cc2c(cc1S(=O)(=O)[O-])C(=O)/C(=C\3/C(=O)c4cc(ccc4N3)S(=O)(=O)[O-])/N2.c1cc2c(cc1S(=O)(=O)[O-])C(=O)/C(=C\3/C(=O)c4cc(ccc4N3)S(=O)(=O)[O-])/N2.c1cc2c(cc1S(=O)(=O)[O-])C(=O)/C(=C\3/C(=O)c4cc(ccc4N3)S(=O)(=O)[O-])/N2.[Al+3].[Al+3],GSRS
FD&C GREEN NO. 3,3P3ONR6O1S,CCN(CC1=CC(=CC=C1)S(=O)(=O)[O-])C2=CC=C(C=C2)C(=C3C=CC(=[N+](CC)CC4=CC(=CC=C4)S(=O)(=O)[O-])C=C3)C5=C(C=C(C=C5)O)S(=O)(=O)[O-].[Na+].[Na+],PubChem-UNII
FD&C RED NO. 3,PN2ZH5LOQY,c1ccc(c(c1)-c2c3cc(c(c(c3oc4-c2cc(c(=O)c4I)I)I)[O-])I)C(=O)[O-].[Na+].[Na+].O,GSRS
FD&C RED NO. 4,X3W0AM1JLX,Cc1cc(C)c(cc1/N=N/c2cc(c3ccccc3c2O)S(=O)(=O)[O-])S(=O)(=O)[O-].[Na+].[Na+],GSRS
FD&C RED NO. 4 FREE ACID,WJE3T5596E,Cc1cc(C)c(cc1/N=N/c2cc(c3ccccc3c2O)S(=O)(=O)O)S(=O)(=O)O,GSRS
FD&C RED NO. 40,WZB9127XOA,Cc1cc(c(cc1S(=O)(=O)[O-])OC)/N=N/c2c3ccc(cc3ccc2O)S(=O)(=O)[O-].[Na+].[Na+],GSRS
FD&C RED NO. 40 ALUMINUM LAKE,6T47AS764T,Cc1cc(c(cc1S(=O)(=O)[O-])OC)/N=N/c2c3ccc(cc3ccc2[O-])S(=O)(=O)[O-].[Al+3],GSRS
FD&C YELLOW NO. 5,I753WB2F1M,c1cc(ccc1/N=N/c2c(C(=O)[O-])nn(-c3ccc(cc3)S(=O)(=O)[O-])c2O)S(=O)(=O)[O-].[Na+].[Na+].[Na+],GSRS
FD&C YELLOW NO. 5 ALUMINUM LAKE,JQ6BLH9FR7,c1cc(ccc1/N=N/c2c(C(=O)[O-])nn(-c3ccc(cc3)S(=O)(=O)[O-])c2O)S(=O)(=O)[O-].[Al+3],GSRS
FD&C YELLOW NO. 6,H77VEI93A8,c1cc(c(c2ccc(cc12)S(=O)(=O)[O-])/N=N/c3ccc(cc3)S(=O)(=O)[O-])O.[Na+].[Na+],GSRS
FD&C YELLOW NO. 6 ALUMINUM LAKE,GYP6Z2JR6Q,c1cc(c(c2ccc(cc12)S(=O)(=O)[O-])/N=N/c3ccc(cc3)S(=O)(=O)[O-])[O-].[Al+3],GSRS
"FERRIC ACETATE, BASIC",A5CF0H2UXG,CC(=O)[O-].CC(=O)[O-].[Fe+3].[OH-],GSRS
FERRIC AMMONIUM CITRATE,UVP74NG1C5,C(C(=O)O)C(CC(=O)O)(C(=O)O)O.[Fe+3].N,GSRS
FERRIC CHLORIDE,U38V3ZVV3V,[Cl-].[Cl-].[Cl-].[Fe+3],GSRS
FERRIC OXIDE YELLOW,EX438O2MRT,[Fe+3].O.[OH-].[O-2],GSRS
FERRIC SULFATE,3HWS7HF5XD,[Fe+3].[Fe+3].O=S(=O)([O-])[O-].O=S(=O)([O-])[O-].O=S(=O)([O-])[O-].O.O.O.O.O,GSRS
FERROSOFERRIC OXIDE,XM0M87F357,[Fe+2].[Fe+3].[Fe+3].[O-2].[O-2].[O-2].[O-2],GSRS
FERROSOFERRIC PHOSPHATE,91GQH8I5F7,[Fe+2].[Fe+2].[Fe+2].[Fe+3].O=P([O-])([O-])[O-].O=P([O-])([O-])[O-].O=P([O-])([O-])[O-].O,GSRS
FERROUS BISGLYCINATE,SFW1D987QV,C(C(=O)[O-])N.C(C(=O)[O-])N.[Fe+2],GSRS
FERROUS CYSTEINE GLYCINATE,8B4OP7RK5N,C([C@@H](C(=O)[O-])N)S.C([C@@H](C(=O)[O-])N)S.C(C(=O)[O-])N.[Fe+2].[H+],GSRS
FERROUS FUMARATE,R5L488RY0Q,C(=C\C(=O)[O-])/C(=O)[O-].[Fe+2],GSRS
FERROUS GLUCONATE,U1B11I423Z,C([C@H]([C@H]([C@@H]([C@H](C(=O)[O-])O)O)O)O)O.C([C@H]([C@H]([C@@H]([C@H](C(=O)[O-])O)O)O)O)O.[Fe+2].O.O,GSRS
FERROUS OXIDE,G7036X8B5H,[Fe+2].[O-2],GSRS
FERROUS SULFATE,39R4TAN1VT,[Fe+2].O=S(=O)([O-])[O-].O.O.O.O.O.O.O,GSRS
FERULIC ACID,AVM951ZWST,COc1cc(ccc1O)/C=C/C(=O)O,GSRS
"FETAL SERUM, BOVINE",K5DD3J879P,,Not found
FILIPENDULA ULMARIA FLOWER,06L18L32G6,,Not found
FISH OIL,XGF7L72M0F,,Not found
FLAVIN ADENINE DINUCLEOTIDE,ZC44YTI8KK,Cc1cc2c(cc1C)n(C[C@@H]([C@@H]([C@@H](COP(=O)(O)OP(=O)(O)OC[C@@H]3[C@H]([C@H]([C@H](n4cnc5c(N)ncnc54)O3)O)O)O)O)O)c6-c(c(=O)[nH]c(=O)n6)n2,GSRS
FLUORESCEIN,TPY09G7XIR,c1ccc2c(c1)C(=O)OC23c4ccc(cc4Oc5cc(ccc53)O)O,GSRS
FOLIC ACID,935E97BOY8,c1cc(ccc1C(=O)N[C@@H](CCC(=O)O)C(=O)O)NCc2cnc3c(c(=O)[nH]c(N)n3)n2,GSRS
FORMALDEHYDE,1HG84L3525,C=O,GSRS
FORMIC ACID,0YIW783RG1,C(=O)O,GSRS
FRAGRANCE 13576,5EM498GW35,,Not found
FRANKINCENSE,R9XLF1R1WM,,Not found
FRANKINCENSE OIL,67ZYA5T02K,,Not found
FRUCTOSE,6YSS42VSEV,C([C@H]([C@H]([C@@H](C(=O)CO)O)O)O)O,GSRS
FRUIT,C2AIY4ERZC,,Not found
FUMARIC ACID,88XHZ13131,C(=C\C(=O)O)/C(=O)O,GSRS
FUMARYL DIKETOPIPERAZINE,XB09609XSL,C(CCNC(=O)/C=C/C(=O)O)C[C@H]1C(=O)N[C@@H](CCCCNC(=O)/C=C/C(=O)O)C(=O)N1,GSRS
FUSEL OIL,2NK7O363Q6,,Not found
"Fat, Hard",8334LX7S21,,Not found
GALACTOSE,X2RN3Q8DNE,C(=O)[C@@H]([C@H]([C@H]([C@@H](CO)O)O)O)O,GSRS
GALACTOSE MONOHYDRATE,2C22T7DYYR,C(=O)[C@@H]([C@H]([C@H]([C@@H](CO)O)O)O)O.O,GSRS
GARLIC,V1V998DC17,,Not found
"GELATIN PORCINE SKIN, FORMALIN TREATED",5LY4MF66UZ,,Not found
GELATIN TYPE A PORCINE (160 BLOOM),7Z075S9991,,Not found
GELATIN TYPE A PORCINE (195 BLOOM),6EG4DCS5TJ,,Not found
GELATIN TYPE B BOVINE (150 BLOOM),F5AJW0ONK4,,Not found
GELATIN TYPE B BOVINE (160 BLOOM),1T8387508X,,Not found
GELATIN TYPE B BOVINE (200 BLOOM),A7JR5F8DLH,,Not found
"GELATIN, UNSPECIFIED",2G86QN327L,,Not found
GELIDIELLA ACEROSA,T91K54D6M1,,Not found
GELLAN GUM (LOW ACYL),7593U09I4D,,Not found
GENTISIC ACID,VP36V95O3T,c1cc(c(cc1O)C(=O)O)O,GSRS
GERANIOL,L837108USY,CC(=CCC/C(=C/CO)/C)C,GSRS
GINGER,C5529G5JPQ,,Not found
GINGER OIL,SAS9Z1SVUK,,Not found
GINKGO BILOBA LEAF OIL,Y5967KO1JH,,Not found
GLATIRAMER ACETATE,5M691HL4BO,,Not found
GLUCONIC ACID,R4R8J0Q44B,C([C@H]([C@H]([C@@H]([C@H](C(=O)O)O)O)O)O)O,GSRS
GLUCONOLACTONE,WQ29KQ9POT,C([C@@H]1[C@H]([C@@H]([C@H](C(=O)O1)O)O)O)O,GSRS
GLUCOSAMINE,N08U5BOQ1K,C(=O)[C@@H]([C@H]([C@@H]([C@@H](CO)O)O)O)N,GSRS
GLUCOSAMINE HYDROCHLORIDE,750W5330FY,C(=O)[C@@H]([C@H]([C@@H]([C@@H](CO)O)O)O)N.Cl,GSRS
GLUCOSAMINE SULFATE,1FW7WLR731,C(=O)[C@@H]([C@H]([C@@H]([C@@H](CO)O)O)O)N.C(=O)[C@@H]([C@H]([C@@H]([C@@H](CO)O)O)O)N.OS(=O)(=O)O,GSRS
GLUTAMIC ACID,3KX376GY7L,C(CC(=O)O)[C@@H](C(=O)O)N,GSRS
GLUTAMIC ACID HYDROCHLORIDE,M0C2SP444T,C(CC(=O)O)[C@@H](C(=O)O)N.Cl,GSRS
GLUTAMINE,0RH81L854J,C(CC(=O)N)[C@@H](C(=O)O)N,GSRS
GLUTATHIONE,GAN16C9B8O,C(CC(=O)N[C@@H](CS)C(=O)NCC(=O)O)[C@@H](C(=O)O)N,GSRS
GLYCERETH-2 COCOATE,JWM00VS7HC,,Not found
GLYCERETH-26,NNE56F2N14,,Not found
GLYCERIN,PDC6A3C0OX,C(C(CO)O)O,GSRS
GLYCERYL 1-STEARATE,258491E1RZ,CCCCCCCCCCCCCCCCCC(=O)OCC(CO)O,GSRS
GLYCERYL BEHENATE/EICOSADIOATE,73CJJ317SR,CCCCCCCCCCCCCCCCCCCCCC(=O)OCC(COC(=O)CCCCCCCCCCCCCCCCCCC(=O)OCC(COC(=O)CCCCCCCCCCCCCCCCCCCCC)O)O,GSRS
GLYCERYL CITRATE,4987GT719I,C(C(COC(=O)CC(CC(=O)O)(C(=O)O)O)O)O,PubChem-UNII
GLYCERYL COCOATE,WVK1CT5994,,Not found
GLYCERYL DIBEHENATE,R8WTH25YS2,CCCCCCCCCCCCCCCCCCCCCC(=O)O.C(C(CO)O)O,PubChem-UNII
GLYCERYL DILAURATE,MFL3ZIE8SK,CCCCCCCCCCCC(=O)OCC(CO)OC(=O)CCCCCCCCCCC,PubChem-UNII
GLYCERYL DIOLEATE,Z3MP1W91CW,CCCCCCCC/C=C/CCCCCCCC(=O)OCC(COC(=O)CCCCCCC/C=C\CCCCCCCC)O,PubChem-UNII
GLYCERYL DISTEARATE,73071MW2KM,CCCCCCCCCCCCCCCCCC(=O)OCC(COC(=O)CCCCCCCCCCCCCCCCC)O,PubChem-UNII
GLYCERYL ISOSTEARATE,HYE7O27HAO,CC(C)CCCCCCCCCCCCCCC(=O)OCC(CO)O,GSRS
GLYCERYL LAURATE,Y98611C087,CCCCCCCCCCCC(=O)OCC(CO)O,PubChem-UNII
GLYCERYL MONO- AND DICAPRYLATE,34966F76M6,CCCCCCCC(=O)O.C(C(CO)O)O,PubChem-UNII
GLYCERYL MONO- AND DICAPRYLOCAPRATE,U72Q2I8C85,CCCCCCCCCC(=O)O.CCCCCCCC(=O)O.C(C(CO)O)O,PubChem-Synonym
GLYCERYL MONO- AND DIPALMITOSTEARATE,KC98RO82HJ,CCCCCCCCCCCCCCCCCC(=O)OC(CO)COC(=O)CCCCCCCCCCCCCCC,PubChem-UNII
GLYCERYL MONOCAPRYLOCAPRATE,G7515SW10N,,Not found
GLYCERYL MONOLINOLEATE,4763AXI84L,CCCCC/C=C\C/C=C\CCCCCCCC(=O)OCC(CO)O,PubChem-UNII
GLYCERYL MONOOLEATE,C4YAD5F5G6,CCCCCCCC/C=C\CCCCCCCC(=O)OCC(CO)O,PubChem-UNII
GLYCERYL MYRISTATE,6992Y81827,CCCCCCCCCCCCCC(=O)OCC(CO)O,PubChem-UNII
GLYCERYL OLEATE,4PC054V79P,CCCCCCCC/C=C\CCCCCCCC(=O)O.C(C(CO)O)O,PubChem-UNII
GLYCERYL PALMITATE,6Y2XJ05B35,CCCCCCCCCCCCCCCC(=O)OC[C@H](CO)O,PubChem-UNII
GLYCERYL PALMITOSTEARATE,GSY51O183C,CCCCCCCCCCCCCCCCCC(=O)O.CCCCCCCCCCCCCCCC(=O)O.C(C(CO)O)O,PubChem-UNII
GLYCERYL RICINOLEATE,ZUE0CEL42O,CCCCCC[C@H](C/C=C\CCCCCCCC(=O)OCC(CO)O)O,GSRS
GLYCERYL STEARATE SE,FCZ5MH785I,CCCCCCCCCCCCCCCCCC(=O)[O-].CCCCCCCCCCCCCCCCCC(=O)[O-].CCCCCCCCCCCCCCCCCC(=O)OC[C@@H](CO)O.CCCCCCCCCCCCCCCCCC(=O)OC[C@H](CO)O.CCCCCCCCCCCCCCCCCC(=O)OC(CO)CO.[Na+].[K+],PubChem-Name
GLYCERYL STEARATE/PEG-100 STEARATE,RD25J5V947,,Not found
GLYCERYL TRIACETYL 12-HYDROXYSTEARATE,2VX7GXC26Y,CCCCCCC(CCCCCCCCCCC(=O)OCC(COC(=O)CCCCCCCCCCC(CCCCCC)OC(=O)C)OC(=O)CCCCCCCCCCC(CCCCCC)OC(=O)C)OC(=O)C,GSRS
GLYCERYL TRIOLEATE,O05EC62663,CCCCCCCC/C=C\CCCCCCCC(=O)OCC(COC(=O)CCCCCCC/C=C\CCCCCCCC)OC(=O)CCCCCCC/C=C\CCCCCCCC,GSRS
GLYCIDYL METHACRYLATE,R8WN29J8VF,C=C(C)C(=O)OCC1CO1,GSRS
GLYCINE,TE7660XO1C,C(C(=O)O)N,GSRS
GLYCINE HYDROCHLORIDE,225ZLC74HX,C(C(=O)O)N.Cl,GSRS
GLYCOL DISTEARATE,13W7MDN21W,CCCCCCCCCCCCCCCCCC(=O)OCCOC(=O)CCCCCCCCCCCCCCCCC,GSRS
GLYCOL STEARATE,0324G66D0E,CCCCCCCCCCCCCCCCCC(=O)OCCO,GSRS
GLYCOLIC ACID,0WT12SX38S,C(C(=O)O)O,GSRS
GLYCYRRHIZA GLABRA,2788Z9758H,,Not found
GLYCYRRHIZIN,6FO62043WK,CC1(C)[C@]2([H])CC[C@]3(C)[C@]([H])(C(=O)C=C4[C@]5([H])C[C@](C)(CC[C@]5(C)CC[C@]43C)C(=O)O)[C@@]2(C)CC[C@@H]1O[C@]6([H])[C@@H]([C@H]([C@@H]([C@@H](C(=O)O)O6)O)O)O[C@@]7([H])[C@@H]([C@H]([C@@H]([C@@H](C(=O)O)O7)O)O)O,GSRS
GLYCYRRHIZINATE DIPOTASSIUM,CA2Y0FE3FX,CC1(C)[C@]2([H])CC[C@]3(C)[C@]([H])(C(=O)C=C4[C@]5([H])C[C@](C)(CC[C@]5(C)CC[C@]43C)C(=O)[O-])[C@@]2(C)CC[C@]1([H])O[C@@H]6[C@@H]([C@H]([C@@H]([C@@H](C(=O)[O-])O6)O)O)O[C@@]7([H])[C@@H]([C@H]([C@@H]([C@@H](C(=O)[O-])O7)O)O)O.[K+].[K+].[H+],GSRS
GOLD,79Y1949PYO,[Au],GSRS
GRAPE,6X543N684K,,Not found
GRAPE SEED OIL,930MLC8XGG,,Not found
GRAPEFRUIT OIL,YR377U58W9,,Not found
GRAPEFRUIT SEED OIL,598D944HOL,,Not found
GREEN TEA LEAF,W2ZU1RY8B0,,Not found
GUAR GUM,E89I1637KE,C=CC[C@@H]1/C=C(\C)C[C@H](C)C[C@H](OC)[C@H]2O[C@@](O)(C(=O)C(=O)N3CCCC[C@H]3C(=O)O[C@H](/C(C)=C/[C@@H]3CC[C@@H](O)[C@H](OC)C3)[C@H](C)[C@@H](O)CC1=O)[C@H](C)C[C@@H]2OC,COCONUT
Glutaral,T3C89M417N,C(CC=O)CC=O,GSRS
Glyceryl Mono- and Dipalmitostearate Type B,SLW8D5K6WL,,Not found
HELIANTHUS ANNUUS FLOWERING TOP,BKJ0J3D1BP,,Not found
HELIUM,206GF3GB41,[He],GSRS
HEMATITE,1K09F3G675,[Fe+3].[Fe+3].[O-2].[O-2].[O-2],GSRS
HEMP,TD1MUT01Q7,,Not found
HEPARIN SODIUM,ZZ45AB24CA,CC(=O)NC1C(C(C(OC1O)COS(=O)(=O)O)OC2C(C(C(C(O2)C(=O)O)OC3C(C(C(C(O3)CO)OC4C(C(C(C(O4)C(=O)O)O)O)OS(=O)(=O)O)OS(=O)(=O)O)NS(=O)(=O)O)O)OS(=O)(=O)O)O.[Na+],PubChem-Name
HEPTANE,456148SDMJ,CCCCCCC,GSRS
HEPTYL UNDECYLENATE,W77QUB6GXO,C=CCCCCCCCCC(=O)OCCCCCCC,GSRS
HETASTARCH,875Y4127EA,,Not found
HEXASODIUM HEXAMETAPHOSPHATE,N40N91DW96,[Na+].[Na+].[Na+].[Na+].[Na+].[Na+].O=P1([O-])OP(=O)([O-])OP(=O)([O-])OP(=O)([O-])OP(=O)([O-])OP(=O)([O-])O1,GSRS
HEXYL HEXANOATE,GI6FE1QMW6,CCCCCCOC(=O)CCCCC,GSRS
HEXYL LAURATE,4CG9F9W01Q,CCCCCCCCCCCC(=O)OCCCCCC,GSRS
HEXYLDECANOL,151Z7P1317,CCCCCCCCC(CCCCCC)CO,GSRS
HEXYLENE GLYCOL,KEH0A3F75J,CC(CC(C)(C)O)O,GSRS
HIGH DENSITY POLYETHYLENE,UG00KM4WR7,,Not found
HIGH FRUCTOSE CORN SYRUP,XY6UN3QB6S,,Not found
HISTIDINE,4QD397987E,C(c1c[nH]cn1)[C@@H](C(=O)O)N,GSRS
HISTIDINE MONOHYDROCHLORIDE,1D5Q932XM6,C(c1c[nH]cn1)[C@@H](C(=O)O)N.Cl,GSRS
HISTIDINE MONOHYDROCHLORIDE MONOHYDRATE,X573657P6P,C(c1c[nH]cn1)[C@@H](C(=O)O)N.Cl.O,GSRS
HONEY,Y9H1V576FH,,Not found
HUMAN EPIDERMAL GROWTH FACTOR,TZK30RF92W,CC[C@H](C)[C@@H](C(=O)NCC(=O)N[C@@H](CCC(=O)O)C(=O)N[C@@H](CCCNC(=N)N)C(=O)N[C@@H](CS)C(=O)N[C@@H](CCC(=O)N)C(=O)N[C@@H](CC1=CC=C(C=C1)O)C(=O)N[C@@H](CCCNC(=N)N)C(=O)N[C@@H](CC(=O)O)C(=O)N[C@@H](CC(C)C)C(=O)N[C@@H](CCCCN)C(=O)N[C@@H](CC2=CNC3=CC=CC=C32)C(=O)N[C@@H](CC4=CNC5=CC=CC=C54)C(=O)N[C@@H](CCC(=O)O)C(=O)N[C@@H](CC(C)C)C(=O)N[C@@H](CCCNC(=N)N)C(=O)O)NC(=O)[C@H](CC6=CC=C(C=C6)O)NC(=O)CNC(=O)[C@H](C(C)C)NC(=O)[C@H](C(C)C)NC(=O)[C@H](CS)NC(=O)[C@H](CC(=O)N)NC(=O)[C@H](CS)NC(=O)[C@H](C)NC(=O)[C@H](CC7=CC=C(C=C7)O)NC(=O)[C@H](CCCCN)NC(=O)[C@H](CC(=O)O)NC(=O)[C@H](CC(C)C)NC(=O)[C@H](C)NC(=O)[C@H](CCC(=O)O)NC(=O)[C@H]([C@@H](C)CC)NC(=O)[C@H](CC8=CC=C(C=C8)O)NC(=O)[C@H](CCSC)NC(=O)[C@H](CS)NC(=O)[C@H](C(C)C)NC(=O)CNC(=O)[C@H](CC(=O)O)NC(=O)[C@H](CC9=CN=CN9)NC(=O)[C@H](CC(C)C)NC(=O)[C@H](CS)NC(=O)[C@H](CC1=CC=C(C=C1)O)NC(=O)CNC(=O)[C@H](CC(=O)O)NC(=O)[C@H](CC1=CN=CN1)NC(=O)[C@H](CO)NC(=O)[C@H](CC(C)C)NC(=O)[C@@H]1CCCN1C(=O)[C@H](CS)NC(=O)[C@H](CCC(=O)O)NC(=O)[C@H](CO)NC(=O)[C@H](CC(=O)O)NC(=O)[C@H](CO)NC(=O)[C@H](CC(=O)N)N,PubChem-UNII
HUMAN TRANSFERRIN HOLO,QL79GB2RFQ,,Not found
HYALURONIC ACID,S270N0TRQY,CO[C@@H]1O[C@H](CO)[C@@H](O)[C@H](OC2O[C@H](C(=O)O)[C@@H](OC)[C@H](O)[C@H]2O)[C@H]1NC(C)=O,COCONUT
HYDRATED SILICA,Y6O7T4G8P9,O=[Si]=O.O,GSRS
HYDROCHLORIC ACID,QTT17582CB,Cl,GSRS
HYDROCORTISONE,WI4X0X7BPJ,C[C@@]12CCC(=O)C=C2CC[C@@]3([H])[C@]4([H])CC[C@](C(=O)CO)([C@@]4(C)C[C@@H]([C@@]31[H])O)O,GSRS
HYDROGEN PEROXIDE,BBX060AN9V,OO,GSRS
HYDROGENATED CASTOR OIL,ZF94AP8MEY,,Not found
HYDROGENATED COCO-GLYCERIDES,XDD37N2GPR,,Not found
HYDROGENATED COCONUT OIL,JY81OXM1OM,,Not found
HYDROGENATED COTTONSEED OIL,Z82Y2C65EA,,Not found
"HYDROGENATED JOJOBA OIL, RANDOMIZED",Q47ST02F58,,Not found
HYDROGENATED OLIVE OIL,53839415GI,,Not found
HYDROGENATED PALM GLYCERIDES,YCZ8EM144Q,,Not found
HYDROGENATED PALM KERNEL OIL,FM8D1RE2VP,,Not found
HYDROGENATED SOYBEAN LECITHIN,H1109Z9J4N,,Not found
HYDROGENATED SOYBEAN OIL,A2M91M918C,,Not found
HYDROGENATED SOYBEAN PHOSPHATIDYLCHOLINE,QHQ97HF0PY,,Not found
HYDROLYSED BOVINE COLLAGEN (ENZYMATIC; 2000-5000 MW),5WE8P977RQ,,Not found
HYDROLYSED MARINE COLLAGEN (ENZYMATIC; 2000 MW),2WID9OCG7P,,Not found
HYDROLYZED JOJOBA ESTERS (ACID FORM),UDR641JW8W,,Not found
HYDROLYZED PLACENTAL PROTEIN (BOVINE),KR5CS6RBH9,,Not found
HYDROLYZED PORCINE COLLAGEN (ENZYMATIC; 3000 MW),0K9R94573C,,Not found
HYDROLYZED SOY PROTEIN (ENZYMATIC; 2000 MW),1394NXB9L6,,Not found
HYDROXIDE ION,9159UV381P,[OH-],GSRS
HYDROXOCOBALAMIN ACETATE,S535M27N3Q,Cc1cc2c(cc1C)n(cn2)[C@@H]3[C@@H]([C@@H]([C@@H](CO)O3)OP(=O)([O-])O[C@H](C)CNC(=O)CC[C@]\4(C)[C@@H](CC(=O)N)C5[C@@]6(C)[C@@](C)(CC(=O)N)[C@H](CCC(=O)N)C(=N6)/C(=C7/[C@@](C)(CC(=O)N)[C@H](CCC(=O)N)C(=N7)/C=C8/C(C)(C)[C@H](CCC(=O)N)C(=N8)/C(=C4\[N-]5)/C)/C)O.CC(=O)[O-].[Co+3],GSRS
HYDROXYETHYL ACRYLATE/SODIUM ACRYLOYLDIMETHYL TAURATE COPOLYMER (45000 MPA.S AT 1%),86FQE96TZ4,,Not found
HYDROXYETHYL BEHENAMIDOPROPYL DIMONIUM CHLORIDE,9CO8OUL4TH,CCCCCCCCCCCCCCCCCCCCCC(=O)NCCC[N+](C)(C)CCO.[Cl-],GSRS
HYDROXYETHYL CELLULOSE (100 MPA.S AT 2%),R33S7TK2EP,,Not found
HYDROXYETHYL CELLULOSE (140 MPA.S AT 5%),8136Y38GY5,,Not found
HYDROXYETHYL CELLULOSE (2000 MPA.S AT 1%),S38J6RZN16,,Not found
HYDROXYETHYL CELLULOSE (280 MPA.S AT 2%),12VCE9HR9E,CC(COCC1C(C(C(C(O1)OC2C(OC(C(C2OCC(C)O)OCC(C)O)OCC(C)O)COCC(C)O)OCC(C)O)OCC(C)O)OCC(C)O)O,PubChem-Synonym
HYDROXYETHYL CELLULOSE (280 MPA.S AT 5%),B24JYI97VR,CC(COCC1C(C(C(C(O1)OC2C(OC(C(C2OCC(C)O)OCC(C)O)OCC(C)O)COCC(C)O)OCC(C)O)OCC(C)O)OCC(C)O)O,PubChem-Synonym
HYDROXYETHYL CELLULOSE (3000 CPS AT 1%),7Q6P4JN1QT,CC(COCC1C(C(C(C(O1)OC2C(OC(C(C2OCC(C)O)OCC(C)O)OCC(C)O)COCC(C)O)OCC(C)O)OCC(C)O)OCC(C)O)O,PubChem-Synonym
HYDROXYETHYL CELLULOSE (4000 MPA.S AT 1%),ZYD53NBL45,CC(COCC1C(C(C(C(O1)OC2C(OC(C(C2OCC(C)O)OCC(C)O)OCC(C)O)COCC(C)O)OCC(C)O)OCC(C)O)OCC(C)O)O,PubChem-Synonym
HYDROXYETHYL CELLULOSE (5000 CPS AT 1%),X70SE62ZAR,CC(COCC1C(C(C(C(O1)OC2C(OC(C(C2OCC(C)O)OCC(C)O)OCC(C)O)COCC(C)O)OCC(C)O)OCC(C)O)OCC(C)O)O,PubChem-Synonym
HYDROXYETHYL CELLULOSE (5500 MPA.S AT 2%),M825OX60H9,CC(COCC1C(C(C(C(O1)OC2C(OC(C(C2OCC(C)O)OCC(C)O)OCC(C)O)COCC(C)O)OCC(C)O)OCC(C)O)OCC(C)O)O,PubChem-Synonym
HYDROXYETHYL CELLULOSE (6500 MPA.S AT 2%),2Q40985DRM,CC(COCC1C(C(C(C(O1)OC2C(OC(C(C2OCC(C)O)OCC(C)O)OCC(C)O)COCC(C)O)OCC(C)O)OCC(C)O)OCC(C)O)O,PubChem-Synonym
"HYDROXYETHYL CELLULOSE, UNSPECIFIED",T4V6TWG28D,CC(COCC1C(C(C(C(O1)OC2C(OC(C(C2OCC(C)O)OCC(C)O)OCC(C)O)COCC(C)O)OCC(C)O)OCC(C)O)OCC(C)O)O,PubChem-Name
HYDROXYETHYLPIPERAZINE ETHANE SULFONIC ACID,RWW266YE9I,C1CN(CCN1CCO)CCS(=O)(=O)O,GSRS
HYDROXYLYSINE,2GQB349IUB,C(C[C@@H](C(=O)O)N)[C@H](CN)O,GSRS
HYDROXYMETHYL CELLULOSE,273FM27VK1,,Not found
HYDROXYPROLINE,RMB44WO89X,C1[C@H](CN[C@@H]1C(=O)O)O,GSRS
HYDROXYPROPYL BETADEX,1I96OHX6EK,CC(COC[C@@H]1[C@]2([H])C[C@H]([C@]([H])(O1)O[C@]3([H])[C@@H](CO)O[C@@]([H])([C@@H]([C@H]3O)OCC(C)O)O[C@]4([H])[C@@H](CO)O[C@@]([H])([C@@H]([C@H]4O)OCC(C)O)O[C@]5([H])[C@@H](CO)O[C@@]([H])([C@@H]([C@H]5O)O)O[C@]6([H])[C@@H](COCC(C)O)O[C@@]([H])([C@@H]([C@H]6O)O)O[C@]7([H])[C@@H](CO)O[C@@]([H])([C@@H]([C@H]7OCC(C)O)O)O[C@]8([H])[C@@H](COCC(C)O)O[C@@]([H])([C@@H]([C@H]8O)O)O2)O)O,GSRS
HYDROXYPROPYL CELLULOSE (110000 WAMW),5Y0974F5PW,,Not found
HYDROXYPROPYL CELLULOSE (1200000 WAMW),U3JF91U133,,Not found
HYDROXYPROPYL CELLULOSE (160000 WAMW),0A7M0N7SPE,,Not found
HYDROXYPROPYL CELLULOSE (1600000 WAMW),RFW2ET671P,,Not found
HYDROXYPROPYL CELLULOSE (20000 WAMW),KZQ570MOA5,,Not found
HYDROXYPROPYL CELLULOSE (430000 WAMW),VQ8ZWO78F6,,Not found
HYDROXYPROPYL CELLULOSE (45000 WAMW),8VAB711C5E,,Not found
HYDROXYPROPYL CELLULOSE (70000 WAMW),66O7AQV0RT,,Not found
HYDROXYPROPYL CELLULOSE (90000 WAMW),UKE75GEA7F,,Not found
"HYDROXYPROPYL CELLULOSE, LOW SUBSTITUTED",2165RE0K14,,Not found
"HYDROXYPROPYL CELLULOSE, UNSPECIFIED",9XZ8H6N6OH,,Not found
HYDROXYPROPYL CORN STARCH (5% SUBSTITUTION BY WEIGHT),9M44R3409A,,Not found
HYMETELLOSE (4150 MPA.S),UVP539BB9Q,,Not found
HYPROMELLOSE 2208 (100 MPA.S),B1QE5P712K,,Not found
HYPROMELLOSE 2208 (100000 MPA.S),VM7F0B23ZI,,Not found
HYPROMELLOSE 2208 (15000 MPA.S),Z78RG6M2N2,,Not found
HYPROMELLOSE 2208 (200000 MPA.S),LJY3MA129D,,Not found
HYPROMELLOSE 2208 (3 MPA.S),9H4L916OBU,,Not found
HYPROMELLOSE 2208 (4 MPA.S),58779NIC8P,,Not found
HYPROMELLOSE 2208 (4000 MPA.S),39J80LT57T,,Not found
HYPROMELLOSE 2906 (4000 MPA.S),5EYA69XGAT,,Not found
HYPROMELLOSE 2910 (10000 MPA.S),0HO1H52958,,Not found
HYPROMELLOSE 2910 (15 MPA.S),36SFW2JZ0W,,Not found
HYPROMELLOSE 2910 (15000 MPA.S),288VBX44JC,,Not found
HYPROMELLOSE 2910 (3 MPA.S),0VUT3PMY82,,Not found
HYPROMELLOSE 2910 (4000 MPA.S),RN3152OP35,,Not found
HYPROMELLOSE 2910 (5 MPA.S),R75537T0T4,,Not found
HYPROMELLOSE 2910 (50 MPA.S),1IVH67816N,,Not found
HYPROMELLOSE 2910 (6 MPA.S),0WZ8WG20P6,,Not found
HYPROMELLOSE ACETATE SUCCINATE 06081224 (3 MPA.S),6N003M473W,CC(CO)O.CC(=O)O.CO.C(CC(=O)O)C(=O)O,PubChem-UNII
HYPROMELLOSE ACETATE SUCCINATE 12070923 (3 MM2/S),36BGF0E889,CC(CO)O.CC(=O)O.CO.C(CC(=O)O)C(=O)O,PubChem-UNII
HYPROMELLOSE ACETATE SUCCINATE 16070722 (3 MM2/S),24P2YXD2PW,CC(CO)O.CC(=O)O.CO.C(CC(=O)O)C(=O)O,PubChem-UNII
"HYPROMELLOSE ACETATE SUCCINATE, UNSPECIFIED",A7ZHS2RJ34,,Not found
"HYPROMELLOSE PHTHALATE (24% PHTHALATE, 55 CST)",87Y6436BKR,,Not found
"HYPROMELLOSE PHTHALATE (31% PHTHALATE, 170 CST)",8LDD2V82F5,,Not found
"HYPROMELLOSE PHTHALATE (31% PHTHALATE, 40 CST)",G4U024CQK6,,Not found
"HYPROMELLOSE, UNSPECIFIED",3NXW29V3WO,,Not found
Hydrofluoric Acid,RGL5YE86CZ,F,GSRS
Hydroxyacetophenone,G1L3HT4CMH,CC(=O)c1ccc(cc1)O,GSRS
Hydroxyethyl Cellulose (1500 Mpa.s At 1%),L605B5892V,CC(COCC1C(C(C(C(O1)OC2C(OC(C(C2OCC(C)O)OCC(C)O)OCC(C)O)COCC(C)O)OCC(C)O)OCC(C)O)OCC(C)O)O,PubChem-Synonym
ICODEXTRIN,2NX48Z0A9G,,Not found
ICOSAPENT,AAN7QOV9EA,CC/C=C\C/C=C\C/C=C\C/C=C\C/C=C\CCCC(=O)O,GSRS
ILEX PARAGUARIENSIS LEAF,1Q953B4O4F,,Not found
IMIDUREA,M629807ATL,C(NC(=O)NC1C(=O)NC(=O)N1CO)NC(=O)NC2C(=O)NC(=O)N2CO,GSRS
INDIAN FRANKINCENSE,4PW41QCO2M,,Not found
INDIGOTINDISULFONATE SODIUM,D3741U8K7L,c1cc2c(cc1S(=O)(=O)[O-])C(=O)/C(=C\3/C(=O)c4cc(ccc4N3)S(=O)(=O)[O-])/N2.[Na+].[Na+],GSRS
INOSITOL,4L6452S749,[C@@H]1([C@@H]([C@H]([C@@H]([C@H]([C@H]1O)O)O)O)O)O,GSRS
INSULIN HUMAN,1Y17CTI5SR,CC[C@H](C)[C@H]1C(=O)N[C@H]2CSSC[C@@H](C(=O)N[C@@H](CSSC[C@@H](C(=O)NCC(=O)N[C@H](C(=O)N[C@H](C(=O)N[C@H](C(=O)N[C@H](C(=O)N[C@H](C(=O)N[C@H](C(=O)N[C@H](C(=O)N[C@H](C(=O)N[C@H](C(=O)N[C@H](C(=O)N[C@@H](CSSC[C@H](NC(=O)[C@@H](NC(=O)[C@@H](NC(=O)[C@@H](NC(=O)[C@@H](NC(=O)[C@@H](NC(=O)[C@@H](NC(=O)[C@@H](NC(=O)[C@@H](NC2=O)CO)CC(C)C)CC3=CC=C(C=C3)O)CCC(=O)N)CC(C)C)CCC(=O)O)CC(=O)N)CC4=CC=C(C=C4)O)C(=O)N[C@@H](CC(=O)N)C(=O)O)C(=O)NCC(=O)N[C@@H](CCC(=O)O)C(=O)N[C@@H](CCCNC(=N)N)C(=O)NCC(=O)N[C@@H](CC5=CC=CC=C5)C(=O)N[C@@H](CC6=CC=CC=C6)C(=O)N[C@@H](CC7=CC=C(C=C7)O)C(=O)N[C@@H]([C@@H](C)O)C(=O)N8CCC[C@H]8C(=O)N[C@@H](CCCCN)C(=O)N[C@@H]([C@@H](C)O)C(=O)O)C(C)C)CC(C)C)CC9=CC=C(C=C9)O)CC(C)C)C)CCC(=O)O)C(C)C)CC(C)C)CC2=CNC=N2)CO)NC(=O)[C@H](CC(C)C)NC(=O)[C@H](CC2=CNC=N2)NC(=O)[C@H](CCC(=O)N)NC(=O)[C@H](CC(=O)N)NC(=O)[C@H](C(C)C)NC(=O)[C@H](CC2=CC=CC=C2)N)C(=O)N[C@H](C(=O)N[C@H](C(=O)N1)CO)[C@@H](C)O)NC(=O)[C@H](CCC(=O)N)NC(=O)[C@H](CCC(=O)O)NC(=O)[C@H](C(C)C)NC(=O)[C@H]([C@@H](C)CC)NC(=O)CN,PubChem-UNII
INULIN,JOS53KRJ01,C([C@@H]1[C@H]([C@@H]([C@H]([C@H](O1)O[C@]2([C@H]([C@@H]([C@H](O2)CO)O)O)CO[C@]3([C@H]([C@@H]([C@H](O3)CO)O)O)CO[C@]4([C@H]([C@@H]([C@H](O4)CO)O)O)CO[C@]5([C@H]([C@@H]([C@H](O5)CO)O)O)CO[C@]6([C@H]([C@@H]([C@H](O6)CO)O)O)CO[C@]7([C@H]([C@@H]([C@H](O7)CO)O)O)CO[C@]8([C@H]([C@@H]([C@H](O8)CO)O)O)CO[C@]9([C@H]([C@@H]([C@H](O9)CO)O)O)CO[C@]1([C@H]([C@@H]([C@H](O1)CO)O)O)CO[C@]1([C@H]([C@@H]([C@H](O1)CO)O)O)CO[C@]1([C@H]([C@@H]([C@H](O1)CO)O)O)CO[C@]1([C@H]([C@@H]([C@H](O1)CO)O)O)CO[C@]1([C@H]([C@@H]([C@H](O1)CO)O)O)CO[C@]1([C@H]([C@@H]([C@H](O1)CO)O)O)CO[C@]1([C@H]([C@@H]([C@H](O1)CO)O)O)CO[C@]1([C@H]([C@@H]([C@H](O1)CO)O)O)CO[C@]1([C@H]([C@@H]([C@H](O1)CO)O)O)CO[C@]1([C@H]([C@@H]([C@H](O1)CO)O)O)CO[C@]1([C@H]([C@@H]([C@H](O1)CO)O)O)CO[C@]1([C@H]([C@@H]([C@H](O1)CO)O)O)CO[C@]1([C@H]([C@@H]([C@H](O1)CO)O)O)CO[C@]1([C@H]([C@@H]([C@H](O1)CO)O)O)CO[C@]1([C@H]([C@@H]([C@H](O1)CO)O)O)CO[C@]1([C@H]([C@@H]([C@H](O1)CO)O)O)CO[C@]1([C@H]([C@@H]([C@H](O1)CO)O)O)CO[C@]1([C@H]([C@@H]([C@H](O1)CO)O)O)CO[C@]1([C@H]([C@@H]([C@H](O1)CO)O)O)CO[C@]1([C@H]([C@@H]([C@H](O1)CO)O)O)CO[C@]1([C@H]([C@@H]([C@H](O1)CO)O)O)CO[C@]1([C@H]([C@@H]([C@H](O1)CO)O)O)CO[C@]1([C@H]([C@@H]([C@H](O1)CO)O)O)CO[C@]1([C@H]([C@@H]([C@H](O1)CO)O)O)CO[C@]1([C@H]([C@@H]([C@H](O1)CO)O)O)CO[C@]1([C@H]([C@@H]([C@H](O1)CO)O)O)CO[C@]1([C@H]([C@@H]([C@H](O1)CO)O)O)CO[C@]1([C@H]([C@@H]([C@H](O1)CO)O)O)CO[C@]1([C@H]([C@@H]([C@H](O1)CO)O)O)CO)O)O)O)O,PubChem-UNII
INULIN LAURYL CARBAMATE,48RFF58ESG,,Not found
INVERT SUGAR,ED959S6ACY,C([C@@H]1[C@H]([C@@H]([C@H]([C@H](O1)O)O)O)O)O.C([C@@H]1[C@H]([C@@H]([C@](O1)(CO)O)O)O)O,PubChem-UNII
IODOPROPYNYL BUTYLCARBAMATE,603P14DHEB,CCCCNC(=O)OCC#CI,GSRS
IRON,E1UOL152H7,[Fe],GSRS
ISOAMYL ACETATE,Z135787824,CC(C)CCOC(=O)C,GSRS
ISOBUTANE,BXR49TP611,CC(C)C,GSRS
ISOBUTYL ALCOHOL,56F9Z98TEM,CC(C)CO,GSRS
ISOCETETH-20,O020065R7Z,,Not found
ISODODECANE,A8289P68Y2,CC(CC(C)(C)C)CC(C)(C)C,GSRS
ISOHEXADECANE,918X1OUF1E,CCCCCCCCCCCCCC(C)C,PubChem-UNII
ISOLEUCINE,04Y7590D77,CC[C@H](C)[C@@H](C(=O)O)N,GSRS
ISOMETHYL-.ALPHA.-IONONE,9XP4LC555B,CC1=CCCC(C)(C)C1/C=C(\C)/C(=O)C,GSRS
ISONONYL ISONONANOATE,S4V5BS6GCX,CC(CCOC(=O)CC(C)CC(C)(C)C)CC(C)(C)C,GSRS
ISOPROPYL ALCOHOL,ND2M416302,CC(C)O,GSRS
ISOPROPYL ISOSTEARATE,C67IXB9Y7T,CC(C)CCCCCCCCCCCCCCC(=O)OC(C)C,GSRS
ISOPROPYL MYRISTATE,0RE8K4LNJS,CCCCCCCCCCCCCC(=O)OC(C)C,GSRS
ISOPROPYL PALMITATE,8CRQ2TH63M,CCCCCCCCCCCCCCCC(=O)OC(C)C,GSRS
ISOSTEARIC ACID,X33R8U0062,CCCCCCCCCCCCCCCCCC(=O)O,PubChem-UNII
ISOSTEARYL ALCOHOL,Q613OCQ44Y,CC(C)CCCCCCCCCCCCCCCO,PubChem-UNII
ISOTONIC SODIUM CHLORIDE SOLUTION,VR5Y7PDT5W,[Na+].[Cl-],PubChem-UNII
Isomalt,S870P55O2W,C([C@@H]1[C@H]([C@@H]([C@H]([C@H](O1)OC[C@H]([C@H]([C@@H]([C@@H](CO)O)O)O)O)O)O)O)O,PubChem-UNII
Isopropyl Acetate,1Y67AFK870,CC(C)OC(=O)C,GSRS
JOJOBA OIL,724GKU717M,,Not found
KAOLIN,24H4NWX5CO,[Al+3].[Al+3].[O-][Si]([O-])([O-])O[Si]([O-])([O-])[O-].O.O,GSRS
KOJIC ACID,6K23F1TT52,c1c(CO)occ(c1=O)O,GSRS
KOJIC DIPALMITATE,13N249RWTM,CCCCCCCCCCCCCCCC(=O)Oc1coc(cc1=O)OC(=O)CCCCCCCCCCCCCCC,GSRS
KOLLIDON SR,S34RY76LK6,,Not found
KUKUI NUT OIL,TP11QR7B8R,,Not found
LACTIC ACID,33X04XA5AT,CC(C(=O)O)O,PubChem-Name
"LACTIC ACID LACTATE, DL-",N37QW3EK1L,CC(C(=O)OC(C)C(=O)O)O,GSRS
"LACTIC ACID, DL-",3B8D35Y7S4,CC(C(=O)O)O,GSRS
"LACTIC ACID, L-",F9S9FFU82N,C[C@@H](C(=O)O)O,GSRS
LACTITOL MONOHYDRATE,UH2K6W1Y64,C([C@@H]([C@H]([C@@H]([C@@H](CO)O)O[C@H]1[C@@H]([C@H]([C@H]([C@@H](CO)O1)O)O)O)O)O)O.O,GSRS
LACTOSE MONOHYDRATE,EWQ57Q8I5X,C([C@@H]1[C@@H]([C@@H]([C@H]([C@@]([H])(O1)O[C@@H]2[C@@H](CO)O[C@@H]([C@@H]([C@H]2O)O)O)O)O)O)O.O,GSRS
"LACTOSE, UNSPECIFIED FORM",J2B2A4N98G,C([C@@H]1[C@@H]([C@@H]([C@H]([C@@H](O1)O[C@@H]2[C@H](OC([C@@H]([C@H]2O)O)O)CO)O)O)O)O,PubChem-Synonym
LANOLIN ALCOHOLS,884C3FA9HE,,Not found
LANOLIN OIL,OVV5IIJ58F,,Not found
LAPONITE,D703131383,[Li+].[Li+].[Mg+2].[Mg+2].[Mg+2].[Mg+2].[Mg+2].[Mg+2].[Mg+2].[Mg+2].[Mg+2].[Mg+2].[Mg+2].[Mg+2].[Mg+2].[Mg+2].[Mg+2].[Mg+2].[Na+].[Na+].[O-][Si]12O[Si]3([O-])O[Si]([O-])(O1)O[Si]([O-])(O2)O3.[O-][Si]12O[Si]3([O-])O[Si]([O-])(O1)O[Si]([O-])(O2)O3.[O-][Si]12O[Si]3([O-])O[Si]([O-])(O1)O[Si]([O-])(O2)O3.[O-][Si]12O[Si]3([O-])O[Si]([O-])(O1)O[Si]([O-])(O2)O3.[O-][Si]12O[Si]3([O-])O[Si]([O-])(O1)O[Si]([O-])(O2)O3.[O-][Si]12O[Si]3([O-])O[Si]([O-])(O1)O[Si]([O-])(O2)O3.[OH-].[OH-].[OH-].[OH-].[OH-].[OH-].[OH-].[OH-].[OH-].[OH-].[OH-].[OH-],GSRS
LAURAMINE OXIDE,4F6FC4MI8W,CCCCCCCCCCCC[N+](C)(C)[O-],GSRS
LAURETH-2,D4D38LT1L5,CCCCCCCCCCCCOCCOCCO,GSRS
LAURETH-23,N72LMW566G,,Not found
LAURETH-4,6HQ855798J,,Not found
LAURETH-7,Z95S6G8201,CCCCCCCCCCCCOCCOCCOCCOCCOCCOCCOCCO,COCONUT
LAURIC DIETHANOLAMIDE,I29I2VHG38,CCCCCCCCCCCC(=O)N(CCO)CCO,GSRS
LAUROYL PEG-32 GLYCERIDES,H5ZC52369M,,Not found
LAURYL LACTATE,G5SU0BFK7O,CCCCCCCCCCCCOC(=O)C(C)O,GSRS
LAURYL LAURATE,GPW77G0937,CCCCCCCCCCCCOC(=O)CCCCCCCCCCC,GSRS
LAURYL SULFATE,DIQ16UC154,CCCCCCCCCCCCOS(=O)(=O)O,GSRS
LAVENDER OIL,ZBP1YXW0H8,,Not found
"LECITHIN, SOYBEAN",1DI56QDM62,,Not found
"LECITHIN, SUNFLOWER",834K0WOS5G,,Not found
LEMON OIL,I9GRO824LL,,Not found
LEUCINE,GMW67QNF9C,CC(C)C[C@@H](C(=O)O)N,GSRS
LEVOMENOL,24WE03BX2T,CC(=CCC[C@@](C)([C@]1([H])CC=C(C)CC1)O)C,GSRS
LEVOMENTHOL,BZ1R15MTK7,CC(C)[C@@H]1CC[C@@H](C)C[C@H]1O,GSRS
LEVULINIC ACID,RYX5QG61EI,CC(=O)CCC(=O)O,GSRS
LICORICE,61ZBX54883,,Not found
LIDOCAINE HYDROCHLORIDE,V13007Z41A,CCN(CC)CC(=O)Nc1c(C)cccc1C.Cl.O,GSRS
LIGHT MINERAL OIL,N6K5787QVP,,Not found
LIME,C7X2M0VVNH,[Ca+2].[O-2],GSRS
LIME (CITRUS),8CZS546954,,Not found
"LIME OIL, COLD PRESSED",UZH29XGA8G,,Not found
"LIMONENE, (+)-",GFD7C86Q1W,C=C(C)[C@H]1CC=C(C)CC1,GSRS
"LINALOOL, (+/-)-",D81QY6I88E,C=CC(C)(CCC=C(C)C)O,GSRS
LINGONBERRY,0UNK9RZQ7X,,Not found
LINSEED OIL,84XB4DV00W,,Not found
LIOTHYRONINE,06LU7C9H1V,c1cc(c(cc1Oc2c(cc(cc2I)C[C@@H](C(=O)O)N)I)I)O,GSRS
LOW-SUBSTITUTED HYDROXYPROPYL CELLULOSE (11% HYDROXYPROPYL; 100000 MW),BMJ7J4127K,,Not found
LOW-SUBSTITUTED HYDROXYPROPYL CELLULOSE (11% HYDROXYPROPYL; 120000 MW),NZ94SDL6WR,,Not found
LOW-SUBSTITUTED HYDROXYPROPYL CELLULOSE (11% HYDROXYPROPYL; 130000 MW),7773C1ROEU,,Not found
LOW-SUBSTITUTED HYDROXYPROPYL CELLULOSE (8% HYDROXYPROPYL: 140000 MW),U466TXA0AK,,Not found
LUPINUS ALBUS SEED,24GB753W3B,,Not found
LYSINE,K3Z4F929H6,C(CCN)C[C@@H](C(=O)O)N,GSRS
LYSINE HYDROCHLORIDE,JNJ23Q2COM,C(CCN)C[C@@H](C(=O)O)N.Cl,GSRS
"LYSOPHOSPHATIDYLCHOLINE, SOYBEAN",CQD833204Z,CC(=O)OC[C@H](COP(=O)([O-])OCC[N+](C)(C)C)O,PubChem-UNII
LYSYLLYSYLLYSINE,Y7F82M80K8,C(CCN)C[C@@H](C(=O)N[C@@H](CCCCN)C(=O)N[C@@H](CCCCN)C(=O)O)N,GSRS
Lemon,24RS0A988O,,Not found
Luprostiol,HWR60H5GZB,C(=C/C[C@@H]1[C@@H](C[C@@H]([C@H]1SC[C@@H](COc2cccc(c2)Cl)O)O)O)/CCCC(=O)O,GSRS
MAGALDRATE ANHYDROUS,0MFM55849I,[Al+3].[Al+3].[Al+3].[Al+3].[Al+3].[Mg+2].[Mg+2].[Mg+2].[Mg+2].[Mg+2].[Mg+2].[Mg+2].[Mg+2].[Mg+2].[Mg+2].O=S(=O)([O-])[O-].O=S(=O)([O-])[O-].[OH-].[OH-].[OH-].[OH-].[OH-].[OH-].[OH-].[OH-].[OH-].[OH-].[OH-].[OH-].[OH-].[OH-].[OH-].[OH-].[OH-].[OH-].[OH-].[OH-].[OH-].[OH-].[OH-].[OH-].[OH-].[OH-].[OH-].[OH-].[OH-].[OH-].[OH-],GSRS
MAGNESIUM,I38ZP9992A,[Mg],GSRS
MAGNESIUM ACETATE,0E95JZY48K,CC(=O)[O-].CC(=O)[O-].[Mg+2],GSRS
MAGNESIUM ALUMINOMETASILICATE TYPE I-A,7LVU907546,[Al+3].[Al+3].[Mg+2].[O-2].[O-2].[O-2].[O-2].[O-2].[O-2].[Si+4],GSRS
MAGNESIUM ALUMINOMETASILICATE TYPE I-B,8XK1039013,[Al+3].[Al+3].[Mg+2].[O-2].[O-2].[O-2].[O-2].[O-2].[O-2].[Si+4],GSRS
MAGNESIUM ALUMINUM SILICATE,6M3P64V0NC,[O-][Si]([O-])([O-])[O-].[Mg+2].[Al+3],PubChem-Name
MAGNESIUM ALUMINUM SILICATE TYPE IC,XLI9KNX1FT,[Al+3].[Mg+2].O.[O-2].[Si+4],GSRS
MAGNESIUM ALUMINUM SILICATE TYPE IIA,II0CAA4909,[Al+3].[Mg+2].O.[O-2].[Si+4],GSRS
MAGNESIUM ASCORBATE,0N1G678593,C([C@@H]([C@]1([H])C(=C(C(=O)O1)O)[O-])O)O.C([C@@H]([C@]1([H])C(=C(C(=O)O1)O)[O-])O)O.[Mg+2],GSRS
MAGNESIUM CHLORIDE,02F3473H9O,[Cl-].[Cl-].[Mg+2].O.O.O.O.O.O,GSRS
MAGNESIUM DISODIUM EDTA,NDT563S5VZ,C(CN(CC(=O)[O-])CC(=O)[O-])N(CC(=O)[O-])CC(=O)[O-].[Mg+2].[Na+].[Na+],GSRS
MAGNESIUM HYDROXIDE,NBZ3QY004S,[Mg+2].[OH-].[OH-],GSRS
MAGNESIUM L-THREONATE,1Y26ZZ0OTM,C([C@@H]([C@H](C(=O)[O-])O)O)O.C([C@@H]([C@H](C(=O)[O-])O)O)O.[Mg+2],GSRS
MAGNESIUM OXIDE,3A3U0GI71G,[Mg+2].[O-2],GSRS
MAGNESIUM PALMITOSTEARATE,R4OXA9G5BV,CCCCCCCCCCCCCCCCCC(=O)[O-].CCCCCCCCCCCCCCCC(=O)[O-].[Mg+2],PubChem-UNII
MAGNESIUM SALICYLATE,41728CY7UX,c1ccc(c(c1)C(=O)[O-])O.c1ccc(c(c1)C(=O)[O-])O.[Mg+2].O.O.O.O,GSRS
MAGNESIUM SILICATE,9B9691B2N9,[Mg+2].[O-2].[O-2].[O-2].[Si+4],GSRS
MAGNESIUM STEARATE,70097M6I30,CCCCCCCCCCCCCCCCCC(=O)[O-].CCCCCCCCCCCCCCCCCC(=O)[O-].[Mg+2],GSRS
MAGNESIUM SULFATE HEPTAHYDRATE,SK47B8698T,[Mg+2].O=S(=O)([O-])[O-].O.O.O.O.O.O.O,GSRS
"MAGNESIUM SULFATE, UNSPECIFIED FORM",DE08037SAB,O.O.O.O.O.O.O.[O-]S(=O)(=O)[O-].[Mg+2],PubChem-Name
MAGNESIUM TARTRATE,6GB0J700TG,[C@@H]([C@H](C(=O)[O-])O)(C(=O)[O-])O.[Mg+2],GSRS
MAGNESIUM TRISILICATE,C2E1CI501T,[Mg+2].[Mg+2].O=[Si]([O-])O[Si]([O-])([O-])O[Si](=O)[O-].O,GSRS
MALIC ACID,817L1N4CKP,C(C(C(=O)O)O)C(=O)O,GSRS
MALTITOL,D65DG142WK,C([C@@H]([C@H]([C@@]([H])([C@@H](CO)O)O[C@@H]1[C@@H]([C@H]([C@@H]([C@@H](CO)O1)O)O)O)O)O)O,GSRS
MALTODEXTRIN,7CVR7L4A2D,OC[C@H]1O[C@H](O[C@H]2[C@H](O)[C@@H](O)[C@@H](O)O[C@@H]2CO)[C@H](O)[C@@H](O)[C@@H]1O,COCONUT
MALTOL,3A9RD92BS4,Cc1c(c(=O)cco1)O,GSRS
MALTOSE,XJ6S9RV06F,C([C@@H]1[C@H]([C@@H]([C@H]([C@H](O1)O[C@@H]2[C@H](OC([C@@H]([C@H]2O)O)O)CO)O)O)O)O,PubChem-Name
MALVA SYLVESTRIS FLOWERING TOP,X1U1U0N90J,,Not found
MANDARIN OIL,NJO720F72R,,Not found
MANGANESE SULFATE,W00LYS4T26,[Mn+2].O=S(=O)([O-])[O-].O,GSRS
MANGO,I629I3NR86,,Not found
MANNITOL,3OWL53L36A,C([C@H]([C@H]([C@@H]([C@@H](CO)O)O)O)O)O,GSRS
"MARINE COLLAGEN, SOLUBLE",8JC99XGU4W,,Not found
"MARINE NON-GELLING GELATIN, HIGH MW",AHQ60JKI5D,,Not found
MATRICARIA CHAMOMILLA LEAF,6I9LN466F0,,Not found
MC-3,Q0J6FQ6FKP,CCCCC/C=C\C/C=C\CCCCCCCCC(CCCCCCCC/C=C\C/C=C\CCCCC)OC(=O)CCCN(C)C,GSRS
MECASERMIN,7GR9I2683O,,Not found
MEDIUM-CHAIN TRIGLYCERIDES,C9H2L21V7U,,Not found
MEGLUMINE,6HG8UB2MUY,CNC[C@@H]([C@H]([C@@H]([C@@H](CO)O)O)O)O,GSRS
MELALEUCA ALTERNIFOLIA LEAF,G43C57162K,,Not found
MELATONIN,JL5DK93RCL,CC(=O)NCCc1c[nH]c2ccc(cc12)OC,GSRS
MELISSA OFFICINALIS LEAF,50D2ZE9219,,Not found
MENAQUINONE 7,8427BML8NY,CC(=CCC/C(=C/CC/C(=C/CC/C(=C/CC/C(=C/CC/C(=C/CC/C(=C/CC1=C(C)C(=O)c2ccccc2C1=O)/C)/C)/C)/C)/C)/C)C,GSRS
MENTHOL,L7T10EIP3A,CC1CCC(C(C1)O)C(C)C,PubChem-UNII
"MENTHONE, (+)-",15F1B5K9A5,CC(C)[C@H]1CC[C@H](C)CC1=O,GSRS
"MENTHYL ACETATE, (+/-)-",LF3LEI45OH,CC(C)[C@@H]1CC[C@@H](C)C[C@H]1OC(=O)C,GSRS
"MENTHYL LACTATE, (-)-",2BF9E65L7I,CC(C)[C@@H]1CC[C@@H](C)C[C@H]1OC(=O)[C@H](C)O,GSRS
METHACRYLATE/METHOXY PEG-10 MALEATE/STYRENE COPOLYMER,39DK5WQ2PR,,Not found
METHACRYLIC ACID,1CS02G8656,C=C(C)C(=O)O,GSRS
METHACRYLIC ACID - ETHYL ACRYLATE COPOLYMER (4500 MPA.S),T967IEU43C,CCOC(=O)C=C.CC(=C)C(=O)O,PubChem-UNII
METHACRYLIC ACID - METHYL METHACRYLATE COPOLYMER (1:1),74G4R6TH13,,Not found
METHACRYLIC ACID - METHYL METHACRYLATE COPOLYMER (1:2),5KY68S2577,,Not found
METHACRYLIC ACID AND ETHYL ACRYLATE COPOLYMER,NX76LV5T8J,CCOC(=O)C=C.CC(=C)C(=O)O,PubChem-UNII
METHANESULFONIC ACID,12EH9M7279,CS(=O)(=O)O,GSRS
METHIONINE,AE28F7PNPL,CSCC[C@@H](C(=O)O)N,GSRS
METHOXY PEG-40,6AXS45P1QU,,Not found
METHYL ACRYLATE,WC487PR91H,C=CC(=O)OC,GSRS
METHYL ALCOHOL,Y4S76JWI15,CO,GSRS
METHYL BENZOIN,XIF870BGWW,COC(c1ccccc1)C(=O)c2ccccc2,GSRS
METHYL CINNAMATE,533CV2ZCQL,COC(=O)/C=C/c1ccccc1,GSRS
METHYL DIHYDROJASMONATE (SYNTHETIC),3GW44CIE3Y,CCCCCC1C(CCC1=O)CC(=O)OC,GSRS
METHYL DIISOPROPYL PROPIONAMIDE,6QOP5A9489,CC(C)C(C)(C(C)C)C(=O)NC,GSRS
METHYL ETHYL KETONE,6PT9KLV9IO,CCC(=O)C,GSRS
METHYL GLUCETH-10,N0MWT4C7WH,,Not found
METHYL GLUCETH-20,J3QD0LD11P,,Not found
METHYL GLUCOSE SESQUISTEARATE,V1YW10H14D,CCCCCCCCCCCCCCCCCC(=O)[O-].CCCCCCCCCCCCCCCCCC(=O)[O-].CCCCCCCCCCCCCCCCCC(=O)[O-].COC1[C@@H]([C@H]([C@@H]([C@H](O1)CO)O)O)O.COC1[C@@H]([C@H]([C@@H]([C@H](O1)CO)O)O)O,PubChem-UNII
METHYL HYDROGENATED ROSINATE,13DHA19W9N,,Not found
METHYL LAURATE,8IPS6BI6KW,CCCCCCCCCCCC(=O)OC,GSRS
METHYL METHACRYLATE,196OC77688,C=C(C)C(=O)OC,GSRS
METHYL NICOTINATE,7B1AVU9DJN,COC(=O)c1cccnc1,GSRS
METHYL PYRROLIDONE,JR9CE63FPM,CN1CCCC1=O,GSRS
METHYL SALICYLATE,LAV5U5022Y,COC(=O)c1ccccc1O,GSRS
METHYL SORBATE,J3048615R1,C/C=C/C=C/C(=O)OC,GSRS
METHYL STEARATE,8D4NXF3ZH7,CCCCCCCCCCCCCCCCCC(=O)OC,GSRS
METHYL VINYL ETHER AND MALEIC ACID COPOLYMER (1750000 WAMW),9F20VSM0VU,,Not found
METHYLCELLULOSE (100 MPA.S),4GFU244C4J,COCC1[C@H](C(C(C(O1)OC)OC)OC)O[C@H]2C(C(C(C(O2)COC)OC)OC)OC,PubChem-UNII
METHYLCELLULOSE (15 CPS),NPU9M2E6L8,COCC1[C@H](C(C(C(O1)OC)OC)OC)O[C@H]2C(C(C(C(O2)COC)OC)OC)OC,PubChem-UNII
METHYLCELLULOSE (1500 MPA.S),P0NTE48364,COCC1[C@H](C(C(C(O1)OC)OC)OC)O[C@H]2C(C(C(C(O2)COC)OC)OC)OC,PubChem-UNII
METHYLCELLULOSE (400 MPA.S),O0GN6F9B2Y,COCC1[C@H](C(C(C(O1)OC)OC)OC)O[C@H]2C(C(C(C(O2)COC)OC)OC)OC,PubChem-UNII
METHYLCELLULOSE (4000 MPA.S),MRJ667KA5E,COCC1[C@H](C(C(C(O1)OC)OC)OC)O[C@H]2C(C(C(C(O2)COC)OC)OC)OC,PubChem-UNII
"METHYLCELLULOSE, UNSPECIFIED",Z944H5SN0H,COCC1[C@H](C(C(C(O1)OC)OC)OC)O[C@H]2C(C(C(C(O2)COC)OC)OC)OC,PubChem-UNII
METHYLCHLOROISOTHIAZOLINONE,DEL7T5QRPN,Cn1c(=O)cc(Cl)s1,GSRS
METHYLENE CHLORIDE,588X2YUY0A,C(Cl)Cl,GSRS
METHYLISOTHIAZOLINONE,229D0E1QFA,Cn1c(=O)ccs1,GSRS
METHYLPARABEN,A2I8C7HI9T,COC(=O)c1ccc(cc1)O,GSRS
METHYLPARABEN SODIUM,CR6K9C2NHK,COC(=O)c1ccc(cc1)[O-].[Na+],GSRS
MICA,V8A1AW0880,[Al+3].[Al+3].[Al+3].[Al+3].[Al+3].[Al+3].[F-].[F-].[K+].[K+].O=[Si]=O.O=[Si]=O.O=[Si]=O.O=[Si]=O.O=[Si]=O.O=[Si]=O.O.[O-2].[O-2].[O-2].[O-2].[O-2].[O-2].[O-2].[O-2].[O-2],GSRS
MICROCRYSTALLINE CELLULOSE 101,7T9FYH5QMK,,Not found
MICROCRYSTALLINE CELLULOSE 102,PNR0YF693Y,,Not found
MICROCRYSTALLINE CELLULOSE 105,KO5GYV0DCB,,Not found
MICROCRYSTALLINE CELLULOSE 112,X7XJ6RM9Q2,,Not found
MICROCRYSTALLINE CELLULOSE 200,5XDI2TS1EZ,,Not found
MICROCRYSTALLINE CELLULOSE 200 LM,VG6UJI79NF,,Not found
MICROCRYSTALLINE CELLULOSE 301,W7YXH6D4BD,,Not found
MICROCRYSTALLINE CELLULOSE 302,91B875MM4H,,Not found
MICROCRYSTALLINE WAX,XOF597Q3KY,,Not found
MINERAL OIL,T5L8T28FGP,,Not found
MINT,FV98Z8GITP,,Not found
MIRIPIRIUM CHLORIDE,3D6CWI0P23,CCCCCCCCCCCCCC[n+]1ccc(C)cc1.[Cl-],GSRS
MODIFIED CORN STARCH (1-OCTENYL SUCCINIC ANHYDRIDE),461P5CJN6T,,Not found
MOLASSES,LSU3YX0KZO,,Not found
MONOSODIUM CITRATE,68538UP9SE,C(C(=O)[O-])C(CC(=O)[O-])(C(=O)[O-])O.[Na+].[H+].[H+],GSRS
MONOSODIUM GLUTAMATE,W81N5U6R6U,C(CC(=O)[O-])[C@@H](C(=O)[O-])N.[Na+].O.[H+],GSRS
MONOSTEARYL CITRATE,YWW937R1QR,CCCCCCCCCCCCCCCCCCOC(=O)C[C@](CC(=O)[O-])(C(=O)[O-])O,PubChem-UNII
MONOTHIOGLYCEROL,AAO1P0WSXJ,C(C(CS)O)O,GSRS
MYRISTIC ACID,0I3V7S25AW,CCCCCCCCCCCCCC(=O)O,GSRS
MYRISTYL ALCOHOL,V42034O9PU,CCCCCCCCCCCCCCO,GSRS
MYRISTYL LACTATE,1D822OC34X,CCCCCCCCCCCCCCOC(=O)C(C)O,GSRS
MYRRH OIL,H74221J5J4,,Not found
Magnesium Aluminum Silicate Type Ia,SUS08ZOA9S,[Al+3].[Mg+2].O.[O-2].[Si+4],GSRS
Mecetronium bromide,7ZNQ7FIO9K,CCCCCCCCCCCCCCCC[N+](C)(C)CC.[Br-],GSRS
Metacresol,GGO4Y809LO,Cc1cccc(c1)O,GSRS
Methylcellulose (25 CPS),BI55GG2WLI,COCC1[C@H](C(C(C(O1)OC)OC)OC)O[C@H]2C(C(C(C(O2)COC)OC)OC)OC,PubChem-UNII
"N,N-DIMETHYLACETAMIDE",JCV5VDB3HY,CC(=O)N(C)C,GSRS
"N-(CARBONYL-METHOXYPOLYETHYLENE GLYCOL 2000)-1,2-DISTEAROYL-SN-GLYCERO-3-PHOSPHOETHANOLAMINE",IC5THO9L3U,,Not found
N-ACETYL-D-ALANINE,IIE41SBQ9L,C[C@H](C(=O)O)NC(=O)C,GSRS
N-ACETYL-DL-TRYPTOPHAN,4460NBV53F,CC(=O)NC(Cc1c[nH]c2ccccc12)C(=O)O,GSRS
N-ACETYL-DL-TRYPTOPHAN SODIUM,3EN9H0M2FX,CC(=O)NC(Cc1c[nH]c2ccccc12)C(=O)[O-].[Na+],GSRS
N-ACETYL-GLUCOSAMINE THIAZOLINE,ML5FHL557A,CC1=N[C@]2([H])[C@H]([C@@H]([C@@H](CO)O[C@]2([H])S1)O)O,GSRS
N-ACETYL-TYROSINE,DA8G610ZO5,CC(=O)N[C@@H](Cc1ccc(cc1)O)C(=O)O,GSRS
N-ACETYLGLUCOSAMINE,V956696549,CC(=O)N[C@@H](C=O)[C@H]([C@@H]([C@@H](CO)O)O)O,GSRS
N-DODECYL .BETA.-D-MALTOSIDE,DI107E57B4,CCCCCCCCCCCCO[C@H]1[C@@H]([C@H]([C@@H]([C@@H](CO)O1)O[C@]2([H])[C@@H]([C@H]([C@@H]([C@@H](CO)O2)O)O)O)O)O,GSRS
NADH,4J24DQ0916,C1=CN(C=C(C1)C(=O)N)[C@H]2[C@@H]([C@@H]([C@@H](COP(=O)(O)OP(=O)(O)OC[C@@H]3[C@H]([C@H]([C@H](n4cnc5c(N)ncnc54)O3)O)O)O2)O)O,GSRS
NECTARINE,65KD9TD4C3,,Not found
NEOTAME,VJ597D52EX,CC(C)(C)CCN[C@@H](CC(=O)O)C(=O)N[C@@H](Cc1ccccc1)C(=O)OC,GSRS
NICKEL CHLORIDE,696BNE976J,[Cl-].[Cl-].[Ni+2],GSRS
NICKEL SULFATE HEPTAHYDRATE,596IDD57NR,[Ni+2].O=S(=O)([O-])[O-].O.O.O.O.O.O.O,GSRS
NITRIC ACID,411VRN1TV4,[N+](=O)(O)[O-],GSRS
NITROGEN,N762921K75,N#N,GSRS
NONCRYSTALLIZING SORBITOL SOLUTION,9E0S3UM200,,Not found
NONOXYNOL-100,A906T4D368,,Not found
NONOXYNOL-30,JJX07DG188,,Not found
NONOXYNOL-9,48Q180SH9T,CCCCCCCCCC1=CC=C(C=C1)OCCOCCOCCOCCOCCOCCOCCOCCOCCO,PubChem-Name
NORFLURANE,DH9E53K1Y8,C(C(F)(F)F)F,GSRS
NUTMEG OIL,Z1CLM48948,,Not found
O-PHENANTHROLINE,W4X6ZO7939,c1cc2ccc3cccnc3c2nc1,GSRS
OAT,Z6J799EAJK,,Not found
OCTANOIC ACID,OBL58JN025,CCCCCCCC(=O)O,GSRS
OCTENYLSUCCINIC ACID,12UZE4X73L,C=CCCCCCCOC(=O)CCC(=O)O,PubChem-UNII
OCTENYLSUCCINIC ANHYDRIDE,4YWS14FAXH,CCCCCC/C=C/C1CC(=O)OC1=O,PubChem-UNII
OCTISALATE,4X49Y0596W,CCCCC(CC)COC(=O)c1ccccc1O,GSRS
OCTOXYNOL-40,9T1C662FKS,,Not found
OCTYLDODECANOL,461N1O614Y,CCCCCCCCCCC(CCCCCCCC)CO,GSRS
OCTYLDODECYL STEARATE,K6F16QGO28,CCCCCCCCCCCCCCCCCC(=O)OCC(CCCCCCCC)CCCCCCCCCC,GSRS
OLEIC ACID,2UMI9U37CP,CCCCCCCC/C=C\CCCCCCCC(=O)O,GSRS
OLETH-2,7L6R1SQ6M0,CCCCCCCC/C=C\CCCCCCCCOCCOCCO,GSRS
OLETH-3 PHOSPHATE,8Q0Z18J1VL,CCCCCCCC/C=C\CCCCCCCCOCCOCCOCCOP(=O)(O)O,GSRS
OLEYL ALCOHOL,172F2WN8DV,CCCCCCCC/C=C\CCCCCCCCO,GSRS
OLEYL OLEATE,3X3L452Y85,CCCCCCCC/C=C\CCCCCCCCOC(=O)CCCCCCC/C=C\CCCCCCCC,GSRS
OLIVE OIL,6UYK2W1W1E,,Not found
OMEGA-3 FATTY ACIDS,71M78END5S,CC/C=C\C/C=C\C/C=C\CCCCCCCC(=O)O.CC/C=C\C/C=C\C/C=C\C/C=C\C/C=C\CCCC(=O)O.CC/C=C\C/C=C\C/C=C\C/C=C\C/C=C\C/C=C\CCC(=O)O,PubChem-Synonym
OMEGA-3-ACID ETHYL ESTERS,D87YGH4Z0Q,,Not found
ONION,492225Q21H,,Not found
OPADRY II 32K580000 WHITE,OQ25C9K54Z,,Not found
OPADRY OY-S-29019 CLEAR,WCE543V7AA,,Not found
OPADRY YS-1-17274A BEIGE,UP4CT4IW2C,,Not found
ORANGE,5EVU04N5QU,,Not found
ORANGE JUICE,5A9KE2L9L3,,Not found
ORANGE OIL,AKN3KSD11B,,Not found
ORANGE PEEL,TI9T76XD44,,Not found
ORNITHINE,E524N2IXA3,C(C[C@@H](C(=O)O)N)CN,GSRS
ORNITHINE HYDROCHLORIDE,HBK84K66XH,C(C[C@@H](C(=O)O)N)CN.Cl,GSRS
OXYGEN,S88TT14065,O=O,GSRS
OXYQUINOLINE SULFATE,61VUG75Y3P,c1cc2cccnc2c(c1)O.c1cc2cccnc2c(c1)O.OS(=O)(=O)O,GSRS
Octyldodecyl Neopentanoate,X8725R883T,CCCCCCCCCCC(CCCCCCCC)COC(=O)C(C)(C)C,GSRS
PALM KERNEL OIL,B0S90M0233,,Not found
PALM OIL,5QUO05548Z,,Not found
PALMITIC ACID,2V16EO95H1,CCCCCCCCCCCCCCCC(=O)O,GSRS
PALMITOSTEARIC ACID,Q8Y7S3B85M,CCCCCCCCCCCCCCCCCC(=O)O,PubChem-Name
PALMITOYL OLIGOPEPTIDE,HO4ZT5S86C,CCCCCCCCCCCCCCCC(=O)N[C@@H](C(C)C)C(=O)NCC(=O)N[C@@H](C(C)C)C(=O)N[C@@H](C)C(=O)N1CCC[C@H]1C(=O)NCC(=O)O,PubChem-UNII
PALMITOYL TETRAPEPTIDE-7,Q41S464P1R,CCCCCCCCCCCCCCCC(=O)NCC(=O)N[C@@H](CCC(=O)N)C(=O)N1CCC[C@H]1C(=O)N[C@@H](CCCN=C(N)N)C(=O)O,PubChem-UNII
PANTHENOL,WV9CM0O67Z,CC(C)(CO)C(C(=O)NCCCO)O,GSRS
PANTOTHENIC ACID,19F5HK2737,CC(C)(CO)[C@H](C(=O)NCCC(=O)O)O,GSRS
PAPAYA,KU94FIY6JB,,Not found
PARAFFIN,I9O0E3H2ZE,,Not found
PASSIFLORA INCARNATA FRUIT,SF206I8G4P,,Not found
PATENT BLUE V,8QE473DV1Z,CC[N+](=C1C=C/C(=C(\c2ccc(cc2)N(CC)CC)/c3cc(c(cc3S(=O)(=O)[O-])S(=O)(=O)[O-])O)/C=C1)CC.CC[N+](=C1C=C/C(=C(\c2ccc(cc2)N(CC)CC)/c3cc(c(cc3S(=O)(=O)[O-])S(=O)(=O)[O-])O)/C=C1)CC.[Ca+2],GSRS
PEA,W4X7H8GYFM,,Not found
PEACH,3OKE88I3QG,,Not found
PEANUT OIL,5TL50QU0W4,,Not found
PEAR,2ZN8DWC0YF,,Not found
PECTIN,89NA02M4RX,[C@@H]1([C@H]([C@H](O[C@H]([C@@H]1O)O)C(=O)O)O)O,PubChem-Name
"PECTIN, CITRUS",47EQO8LE7H,,Not found
PEG-10 .BETA.-SITOSTERYL ETHER,B2138XJ83G,,Not found
PEG-10 COCAMINE,2F9J4Q575K,,Not found
PEG-10 DIMETHICONE (600 CST),8PR7V1SVM0,,Not found
PEG-10 GLYCERYL STEARATE,YTQ40QRP5W,,Not found
PEG-100 STEARATE,YD01N1999R,,Not found
PEG-12,NL4J9F21N9,,Not found
PEG-12 DIMETHICONE (300 CST),ZEL54N6W95,,Not found
PEG-120 METHYL GLUCOSE DIOLEATE,YM0K64F20V,,Not found
PEG-150 DISTEARATE,6F36Q0I0AC,,Not found
PEG-150 PENTAERYTHRITYL TETRASTEARATE,8L4OOQ76AM,,Not found
PEG-20 METHYL GLUCOSE SESQUISTEARATE,0345752X7U,,Not found
PEG-20 SORBITAN STEARATE,HD40WR33LC,CCCCCCCCCCCCCCCCCC(=O)OCCOC[C@H]([C@@H]1[C@H]([C@@H](CO1)OCCO)OCCO)OCCO,PubChem-UNII
PEG-25 PROPYLENE GLYCOL STEARATE,X21KPH4633,,Not found
PEG-25 STEARATE,1J2956FWUB,,Not found
PEG-3 DISTEAROYLAMIDOETHYLMONIUM METHOSULFATE,395MHJ5PUR,CCCCCCCCCCCCCCCCCC(=O)NCC[N+](C)(CCNC(=O)CCCCCCCCCCCCCCCCC)CCOCCOCCO.COS(=O)(=O)[O-],GSRS
PEG-30 STEARATE,1U8KB35S20,,Not found
PEG-32 STEARATE,33GX5WQC0M,,Not found
PEG-40 CASTOR OIL,4ERD2076EF,,Not found
PEG-40 SORBITAN DIISOSTEARATE,JL4CCU7I1G,,Not found
PEG-40 STEARATE,ECU18C66Q7,CCCCCCCCCCCCCCCCCC(=O)OCCO,COCONUT
PEG-5 OLEATE,0240V77G50,,Not found
PEG-50 HYDROGENATED CASTOR OIL,R07D3A9614,,Not found
PEG-54 HYDROGENATED CASTOR OIL,0WZF1506N9,,Not found
PEG-6 CAPRYLIC/CAPRIC GLYCERIDES,GO50W2HWO8,,Not found
PEG-6 ISOSTEARATE,0E2639OTJY,CC(C)CCCCCCCCCCCCCCC(=O)OCCOCCOCCO,PubChem-UNII
PEG-6 METHYL ETHER,WXH089JZ5E,COCCOCCOCCOCCOCCOCCO,PubChem-Name
PEG-6 STEARATE,8LQC57C6B0,,Not found
PEG-60 ALMOND GLYCERIDES,4Y0E651N0F,,Not found
PEG-60 HYDROGENATED CASTOR OIL,02NG325BQG,,Not found
PEG-7 GLYCERYL COCOATE,VNX7251543,,Not found
PEG-7 LINOLEOYL GLYCERIDES,993L8OB0ER,,Not found
PEG-75 LANOLIN,09179OX7TB,,Not found
PEG-8 BEESWAX,3C1QUF1TIR,,Not found
PEG-8 DIMETHICONE,GIA7T764OD,,Not found
PEG-8 GLYCERYL ISOSTEARATE,74QQ5X3KL1,,Not found
PEG-8 LAURATE,762O8IWA10,,Not found
PEG-8 STEARATE,2P9L47VI5E,,Not found
PEG/PPG-116/66 COPOLYMER,JP0CK963E0,,Not found
PEG/PPG-18/18 DIMETHICONE,9H0AO7T794,,Not found
PEG/PPG-30/160 COPOLYMER,68T8I45V23,,Not found
PEGOXOL 7 STEARATE,3EW5AXE5X5,,Not found
PENTADECALACTONE,OK17S3S98K,C1CCCCCCCOC(=O)CCCCCC1,GSRS
PENTAERYTHRITOL,SU420W1S6N,C(C(CO)(CO)CO)O,GSRS
"PENTAERYTHRITOL TETRAKIS(3-(3,5-DI-TERT-BUTYL-4-HYDROXYPHENYL)PROPIONATE)",255PIF62MS,CC(C)(C)c1cc(CCC(=O)OCC(COC(=O)CCc2cc(c(c(c2)C(C)(C)C)O)C(C)(C)C)(COC(=O)CCc3cc(c(c(c3)C(C)(C)C)O)C(C)(C)C)COC(=O)CCc4cc(c(c(c4)C(C)(C)C)O)C(C)(C)C)cc(c1O)C(C)(C)C,GSRS
PENTAERYTHRITYL TETRASTEARATE,W9Q3DZS0EG,CCCCCCCCCCCCCCCCCC(=O)OCC(COC(=O)CCCCCCCCCCCCCCCCC)(COC(=O)CCCCCCCCCCCCCCCCC)COC(=O)CCCCCCCCCCCCCCCCC,GSRS
PENTETIC ACID,7A314HQM0I,C(CN(CC(=O)O)CC(=O)O)N(CCN(CC(=O)O)CC(=O)O)CC(=O)O,GSRS
PENTYLENE GLYCOL,50C1307PZG,CCCC(CO)O,GSRS
PEPPERMINT,V95R5KMY2B,,Not found
PEPPERMINT OIL,AV092KU4JH,,Not found
PETROLATUM,4T6H12BN9U,,Not found
PEUCEDANUM OSTRUTHIUM LEAF,86P27YRR6Y,,Not found
PHENOL,339NCG44TV,c1ccc(cc1)O,GSRS
PHENOLSULFONPHTHALEIN,I6G9Y0J1OJ,c1ccc2c(c1)C(c3ccc(cc3)O)(c4ccc(cc4)O)OS2(=O)=O,GSRS
PHENOXYETHANOL,HIE492ZZ3T,c1ccc(cc1)OCCO,GSRS
PHENYL TRIMETHICONE,DR0K5NOJ4R,,Not found
PHENYLETHYL ALCOHOL,ML9LGA7468,c1ccc(cc1)CCO,GSRS
PHOSPHATIDYL SERINE,394XK0IH40,CCCCCCCCCCCCCCCCCC(=O)OC[C@H](COP(=O)(O)OC[C@@H](C(=O)O)N)OC(=O)CCCCCCCCCCCCCCCCC,GSRS
PHOSPHORYLCOLAMINE,78A2BX7AEU,C(COP(=O)(O)O)N,GSRS
PHYLLANTHUS EMBLICA FRUIT JUICE,K8SGU56WPQ,,Not found
PHYTONADIONE,A034SE7857,CC1=C(C(=O)C2=CC=CC=C2C1=O)C/C=C(\C)/CCC[C@H](C)CCC[C@H](C)CCCC(C)C,PubChem-Name
PHYTOSPHINGOSINE,GIN46U9Q2Q,CCCCCCCCCCCCCC[C@H]([C@H]([C@H](CO)N)O)O,GSRS
PIGMENT RED 48,07XHK4SAV6,Cc1cc(c(cc1Cl)/N=N/c2c3ccccc3cc(c2O)C(=O)[O-])S(=O)(=O)[O-].[Na+].[Na+],GSRS
PIGMENT RED 5,91OZU993LX,CCN(CC)S(=O)(=O)c1ccc(c(c1)/N=N/c2c3ccccc3cc(c2O)C(=O)Nc4cc(c(cc4OC)OC)Cl)OC,GSRS
PINEAPPLE,2A88ZO081O,,Not found
PIPERAZINE,1RTM4PAL0V,C1CNCCN1,GSRS
PIPERINE,U71XL721QK,C1CCN(CC1)C(=O)/C=C/C=C/c2ccc3c(c2)OCO3,GSRS
PIROCTONE OLAMINE,A4V5C6R9FB,Cc1cc(CC(C)CC(C)(C)C)n(c(=O)c1)O.C(CO)N,GSRS
PLASACRYL T20,U3HKX3SA66,,Not found
PLASMALYTE A,MZD2VV6EW6,CC(=O)[O-].C([C@H]([C@H]([C@@H]([C@H](C(=O)[O-])O)O)O)O)O.O.O.O.O.O.O.O.O.O.[Na+].[Na+].[Na+].[Mg+2].[Cl-].[Cl-].[Cl-].[Cl-].[K+],PubChem-UNII
PLUKENETIA VOLUBILIS SEED OIL,8ED72Z8J1Z,,Not found
PLUM,67M3EQ6BE1,,Not found
POLACRILIN POTASSIUM,0BZ5A00FQU,,Not found
POLAWAX POLYSORBATE,Q504PL8E0V,,Not found
POLIFEPROSAN 20,S40C40DA21,,Not found
POLOXAMER 124,1S66E28KXA,,Not found
POLOXAMER 181,09Y8E6164A,,Not found
POLOXAMER 182,JX0HIX6OAG,,Not found
POLOXAMER 188,LQA7B6G8JG,,Not found
POLOXAMER 338,F75JV2T505,,Not found
POLOXAMER 407,TUF2IVW3M2,,Not found
"POLY(DL-LACTIC-CO-GLYCOLIC ACID), (50:50; 12000 MW)",WE369X5600,,Not found
"POLY(DL-LACTIC-CO-GLYCOLIC ACID), (50:50; 15000 MW)",C329FPO0UC,,Not found
"POLY(DL-LACTIC-CO-GLYCOLIC ACID), (75:25; 20000 MW)",58X445TH30,,Not found
"POLY(DL-LACTIC-CO-GLYCOLIC ACID), (75:25; 9500 MW)",SJN700Q87A,,Not found
"POLY(DL-LACTIC-CO-GLYCOLIC ACID), (85:15; 23000 MW)",93PPD1S477,,Not found
POLY(METHYL ACRYLATE-CO-METHYL METHACRYLATE-CO-METHACRYLIC ACID 7:3:1; 280000 MW),99Q3C7L77T,,Not found
POLYACRYLAMIDE (10000 MW),E2KR9C9V2I,,Not found
POLYACRYLAMIDE (1500 MW),5D6TC4BRWV,,Not found
POLYACRYLAMIDE (CROSSLINKED; 0.01-0.2 MOLE PERCENT BISACRYLAMIDE),RHA9LWJ494,,Not found
POLYACRYLATE-13,FS2D4T67EA,,Not found
POLYACRYLIC ACID (250000 MW),9G2MAD7J6W,,Not found
POLYACRYLIC ACID (450000 MW),KD3S7H73D3,,Not found
POLYACRYLIC ACID (8000 MW),73861X4K5F,,Not found
POLYACRYLIC ACID (800000 MW),D0I6NSZ87U,,Not found
POLYBUTENE (1400 MW),1NA5AO9GH7,,Not found
POLYCARBOPHIL,W25LM17A4W,,Not found
POLYDEXTROSE,VH2XOU12IE,OC[C@H]1O[C@H](O)[C@H](O)[C@@H](O)[C@@H]1O,COCONUT
POLYESTER-10,212N9O2MMZ,,Not found
POLYETHYLENE GLYCOL 1000,U076Q6Q621,,Not found
POLYETHYLENE GLYCOL 10000,H57W405143,,Not found
POLYETHYLENE GLYCOL 100000,V46Y6OJ5QB,,Not found
POLYETHYLENE GLYCOL 12000,VM53EE110J,,Not found
POLYETHYLENE GLYCOL 1450,OJ4Z5Z32L4,,Not found
POLYETHYLENE GLYCOL 1600,1212Z7S33A,,Not found
POLYETHYLENE GLYCOL 200,R95B8J264J,C(COCCOCCOCCO)O,PubChem-UNII
POLYETHYLENE GLYCOL 2000,HAF0412YIT,,Not found
POLYETHYLENE GLYCOL 20000,5WKN5KL2O8,C(CO)O,PubChem-Name
POLYETHYLENE GLYCOL 300,5655G9Y8AQ,,Not found
POLYETHYLENE GLYCOL 3000,SA1B764746,,Not found
POLYETHYLENE GLYCOL 3350,G2M7P15E5P,,Not found
POLYETHYLENE GLYCOL 3500,FVS1AZD90Y,,Not found
POLYETHYLENE GLYCOL 400,B697894SGQ,,Not found
POLYETHYLENE GLYCOL 4000,4R4HFI6D95,,Not found
POLYETHYLENE GLYCOL 4500,TVH7653921,,Not found
POLYETHYLENE GLYCOL 6000,30IQX730WE,,Not found
POLYETHYLENE GLYCOL 800,UH6KR4953D,,Not found
POLYETHYLENE GLYCOL 8000,Q662QK8M3B,,Not found
POLYETHYLENE GLYCOL MONOMETHYL ETHER 350,ENK4Y6S66X,,Not found
POLYETHYLENE GLYCOL MONOMETHYL ETHER 550,UQE3488NAI,,Not found
"POLYETHYLENE GLYCOL, UNSPECIFIED",3WJQ0SDW1A,,Not found
POLYETHYLENE OXIDE 1000000,HZ58M6D839,,Not found
POLYETHYLENE OXIDE 200000,11628IH70O,,Not found
POLYETHYLENE OXIDE 5000000,3IG9032SAH,,Not found
POLYETHYLENE OXIDE 600000,2126FD486L,,Not found
POLYETHYLENE OXIDE 900000,16P9295IIL,,Not found
POLYETHYLENE TEREPHTHALATE (INTRINSIC VISCOSITY 0.70-1.00),645M2T7FHZ,,Not found
POLYGLYCERYL-3 DIISOSTEARATE,46P231IQV8,,Not found
POLYGLYCERYL-3 DIOLEATE,D08AL46IU2,CCCCCCCC/C=C\CCCCCCCC(=O)OCC(COCC(COCC(COC(=O)CCCCCCC/C=C\CCCCCCCC)O)O)O,GSRS
POLYGLYCERYL-3 OLEATE,XRQ165498B,CCCCCCCC/C=C\CCCCCCCC(=O)OCC(COCC(COCC(CO)O)O)O,GSRS
POLYGLYCERYL-4 ISOSTEARATE,820DPX33S7,,Not found
POLYHYDROXYSTEARIC ACID (2300 MW),YXH47AOU0F,,Not found
POLYISOBUTYLENE (1100000 MW),FLT10CH37X,,Not found
POLYISOBUTYLENE (35000 MW),98553S1MHQ,,Not found
POLYISOBUTYLENE (55000 MW),TQ77WR8A02,,Not found
POLYISOBUTYLENE (800000 MW),Y132ZOQ9H7,,Not found
POLYLACTIDE,459TN2L5F5,,Not found
POLYMETHYLSILSESQUIOXANE (4.5 MICRONS),59Z907ZB69,,Not found
POLYOXYL 100 STEARATE TYPE I,TQ9XS676NN,,Not found
POLYOXYL 15 HYDROXYSTEARATE,71YMM1X75O,C(CCCCC(CCCCCOCCOCCOCCOCCOCCOCCOCCOCCOCCOCCOCCOCCOCCOCCOCCO)O)CCCCC(=O)O,PubChem-UNII
POLYOXYL 20 CETOSTEARYL ETHER,YRC528SWUY,,Not found
POLYOXYL 35 CASTOR OIL,6D4M1DAL6O,,Not found
POLYOXYL 40 HYDROGENATED CASTOR OIL,7YC686GQ8F,,Not found
POLYOXYL 40 STEARATE,13A4J4NH9I,,Not found
POLYPROPYLENE (30000 MW),T71QXI2O62,,Not found
POLYPROPYLENE GLYCOL 15 STEARYL ETHER,1II18XLS1L,,Not found
POLYQUATERNIUM-10 (125 MPA.S AT 2%),L45WU8S981,,Not found
POLYQUATERNIUM-10 (400 MPA.S AT 2%),HB1401PQFS,,Not found
POLYQUATERNIUM-11 (1000000 MW),0B44BS5IJS,CCOS(=O)(=O)OCC.CC(=C)C(=O)OCCN(C)C.C=CN1CCCC1=O,PubChem-UNII
POLYQUATERNIUM-39 (35/35/30 ACRYLIC ACID/ACRYLAMIDE/DADMAC; 1500000 MW),EOD3UE785A,,Not found
POLYQUATERNIUM-7 (70/30 ACRYLAMIDE/DADMAC; 1600000 MW),0L414VCS5Y,C[N+](C)(CC=C)CC=C.C=CC(=O)N.[Cl-],PubChem-UNII
POLYSORBATE 20,7T1F30V5YH,CCCCCCCCCCCC(=O)OCCOCC(OCCO)[C@H]1OCC(OCCO)[C@H]1OCCO,COCONUT
POLYSORBATE 40,STI11B5A2X,CCCCCCCCCCCC(=O)OCCOC[C@H]([C@@H]1[C@@H]([C@@H](CO1)OCCO)OCCO)OCCO,PubChem-UNII
POLYSORBATE 60,CAL22UVI4M,CCCCCCCCCCCCCCCCCC(=O)OCCOC[C@H]([C@@H]1[C@H]([C@@H](CO1)OCCO)OCCO)OCCO,PubChem-UNII
POLYSORBATE 65,14BGY2Y3MJ,,Not found
POLYSTYRENE SULFONIC ACID,70KO0R01RY,,Not found
POLYTETRAFLUOROETHYLENE,E1NC1JVS3O,,Not found
POLYVINYL ACETATE,32K497ZK2U,C=COC(C)=O,COCONUT
POLYVINYL ACETATE PHTHALATE,58QVG85GW3,,Not found
POLYVINYL ALCOHOL,532B59J990,,Not found
POLYVINYL ALCOHOL (100000 MW),949E52Z6MY,,Not found
POLYVINYL ALCOHOL (40000 MW),J1DZU42714,,Not found
POLYVINYL ALCOHOL (94000 MW),C1MS7RRZ6L,,Not found
POLYVINYL ALCOHOL GRAFT POLYETHYLENE GLYCOL COPOLYMER (3:1; 45000 MW),23ZQ42JZZH,,Not found
PONCEAU 4R,Z525CBK9PG,c1ccc2c(c1)c(ccc2S(=O)(=O)[O-])/N=N/c3c(ccc4cc(cc(c43)S(=O)(=O)[O-])S(=O)(=O)[O-])O.[Na+].[Na+].[Na+],GSRS
POPPY SEED OIL,9G3Z76ES9J,,Not found
POTASSIUM BICARBONATE,HM5Z15LEBN,C(=O)(O)[O-].[K+],GSRS
POTASSIUM BISULFITE,QJK5LO891P,[K+].OS(=O)[O-],GSRS
POTASSIUM BITARTRATE,NPT6P8P3UU,[C@@H]([C@H](C(=O)[O-])O)(C(=O)O)O.[K+],GSRS
POTASSIUM CARBONATE,BQN1B9B9HA,C(=O)([O-])[O-].[K+].[K+],GSRS
POTASSIUM CATION,295O53K152,[K+],GSRS
POTASSIUM CHLORIDE,660YQ98I10,[Cl-].[K+],GSRS
POTASSIUM HYDROXIDE,WZH3C48M4T,[K+].[OH-],GSRS
POTASSIUM IODIDE,1C4QK22F9J,[I-].[K+],GSRS
POTASSIUM NITRATE,RU45X2JN0Z,[K+].[N+](=O)([O-])[O-],GSRS
"POTASSIUM PHOSPHATE, DIBASIC",CI71S98N1Z,[K+].[K+].OP(=O)([O-])[O-],GSRS
"POTASSIUM PHOSPHATE, MONOBASIC",4J9FJ0HL51,[K+].OP(=O)(O)[O-],GSRS
"POTASSIUM PHOSPHATE, UNSPECIFIED FORM",B7862WZ632,OP(=O)(O)[O-].[K+],PubChem-UNII
POTASSIUM PYROPHOSPHATE,B9W4019H5G,[K+].[K+].[K+].[K+].O=P([O-])([O-])OP(=O)([O-])[O-],GSRS
POTASSIUM SODIUM SACCHARATE,73U34YC90U,[C@H]([C@@H]([C@H](C(=O)[O-])O)O)([C@@H](C(=O)[O-])O)O.[K+].[Na+],GSRS
POTASSIUM SORBATE,1VPU26JZZ4,C/C=C/C=C/C(=O)[O-].[K+],GSRS
POVIDONE,FZ989GH94E,,Not found
POVIDONE K12,333AG72FWJ,,Not found
POVIDONE K25,K0KQV10C35,,Not found
POVIDONE K27,H7AGY1OJO8,,Not found
POVIDONE K29/32,390RMW2PEQ,,Not found
POVIDONE K30,U725QWY32X,,Not found
POVIDONE K90,RDH86HJV5Z,,Not found
POWDERED CELLULOSE,SMD1X3XO9M,[HH],COCONUT
PPG-11 STEARYL ETHER,S4G2J0Y0LG,,Not found
PPG-12/SMDI COPOLYMER,1BK9DDD24E,,Not found
PPG-2 HYDROXYETHYL COCAMIDE,34N07GUJ3X,,Not found
PPG-2 MYRISTYL ETHER PROPIONATE,88R97D8U8A,CCCCCCCCCCCCCCOCC(C)OCC(C)OC(=O)CC,GSRS
PPG-2 hydroxyethyl coco/isostearamide,EK4J71ZKEQ,,Not found
PPG-20 METHYL GLUCOSE ETHER DISTEARATE,0057334FAB,,Not found
PREZATIDE COPPER ACETATE,A3LEI4P1NB,C(CCN)C[C@@H](C(=O)O)NC(=O)[C@H](Cc1c[nH]cn1)NC(=O)CN.C(CCN)C[C@@H](C(=O)O)NC(=O)[C@H](Cc1c[nH]cn1)NC(=O)CN.CC(=O)[O-].CC(=O)[O-].[Cu+2],GSRS
PROLINE,9DLQ4CIU6V,C1C[C@@H](C(=O)O)NC1,GSRS
PROPANE,T75W9911L6,CCC,GSRS
PROPANEDIOL,5965N8W85T,C(CO)CO,GSRS
PROPOLIS WAX,6Y8XYV2NOF,,Not found
PROPRANOLOL GLYCOL,FU45BO16RF,c1ccc2c(c1)cccc2OCC(CO)O,GSRS
PROPYL GALLATE,8D4SNN7V92,CCCOC(=O)c1cc(c(c(c1)O)O)O,GSRS
PROPYLENE,AUG1H506LY,C=CC,GSRS
PROPYLENE CARBONATE,8D08K3S51E,CC1COC(=O)O1,GSRS
PROPYLENE GLYCOL,6DC9Q167V3,CC(CO)O,GSRS
PROPYLENE GLYCOL 1-(2-METHYLBUTYRATE),9Q5W5G6461,CCC(C)C(=O)OCC(C)O,GSRS
PROPYLENE GLYCOL DIACETATE,5Z492UNF9O,CC(COC(=O)C)OC(=O)C,GSRS
PROPYLENE GLYCOL DICAPRYLATE/DICAPRATE,O4446S9CRA,CCCCCCCCCC(=O)O.CCCCCCCC(=O)O.CC(CO)O,PubChem-UNII
PROPYLENE GLYCOL DIPROPIONATE,4DZ729T8XW,CCC(=O)OCC(C)OC(=O)CC,GSRS
PROPYLENE GLYCOL MONO- AND DICAPRYLATE,QJL3I5WV4F,CCCCCCCC(=O)OCC(C)O,PubChem-UNII
PROPYLENE GLYCOL MONOCAPRYLATE,RT9P9S09QI,CCCCCCCC(=O)OCC(C)O,PubChem-UNII
PROPYLENE GLYCOL MONOLAURATE,668Z5835Z3,CCCCCCCCCCCC(=O)OCC(C)O,PubChem-UNII
PROPYLENE GLYCOL MONOPALMITOSTEARATE,F76354LMGR,CCCCCCCCCCCCCCCCCC(=O)OCC(C)O,PubChem-Name
PROPYLENE GLYCOL MONOSTEARATE,MZM1I680W0,CCCCCCCCCCCCCCCCCC(=O)OCC(C)O,PubChem-UNII
"PROPYLENE GLYCOL, (R)-",602HN5L69H,C[C@H](CO)O,GSRS
PROPYLPARABEN,Z8IX2SC1OH,CCCOC(=O)c1ccc(cc1)O,GSRS
PROPYLPARABEN SODIUM,625NNB0G9N,CCCOC(=O)c1ccc(cc1)[O-].[Na+],GSRS
PROTAMINE SULFATE,0DE9724IHC,,Not found
PRUNUS AMYGDALUS DULCIS (SWEET ALMOND) SEED MEAL,3Z252A2K9G,,Not found
PRUNUS SEROTINA (WILD CHERRY) BARK,5D48E975HA,,Not found
PRUNUS SEROTINA FRUIT,A77056YJ4K,,Not found
PULLULAN,8ZQ0AYU1TT,,Not found
PUTRESCINE DIHYDROCHLORIDE,X45SUR7RHY,C(CCN)CN.Cl.Cl,GSRS
PYRIDOXAL HYDROCHLORIDE,1416KF0QBC,Cc1c(c(C=O)c(cn1)CO)O.Cl,GSRS
PYRIDOXAL PHOSPHATE ANHYDROUS,F06SGE49M6,Cc1c(c(C=O)c(cn1)COP(=O)(O)O)O,GSRS
PYRIDOXINE,KV2JZ1BI6Z,Cc1c(c(CO)c(cn1)CO)O,GSRS
PYRIDOXINE HYDROCHLORIDE,68Y4CF58BV,Cc1c(c(CO)c(cn1)CO)O.Cl,GSRS
PYRITHIONE ZINC,R953O2RHZ5,c1cc[n+](c(c1)[S-])[O-].c1cc[n+](c(c1)[S-])[O-].[Zn+2],GSRS
Phosphoric Acid,E4GA8884NN,OP(=O)(O)O,GSRS
Polacrilin,RCZ785HI7S,CC1(C)S[C@@H]2[C@H](NC(=O)[C@H](N)C3=CC=CC=C3)C(=O)N2[C@H]1C(=O)O,COCONUT
Polyethylene Glycol 2000000,5K3991GVWI,,Not found
Polyethylene Glycol 7000000,G3MS6M810Y,,Not found
Polyglyceryl-10 oleate,55C81W76DH,CCCCCCCC/C=C\CCCCCCCC(=O)OCC(COCC(COCC(COCC(COCC(COCC(COCC(COCC(COCC(COCC(CO)O)O)O)O)O)O)O)O)O)O,PubChem-UNII
Polyglyceryl-2 Isostearate,7B8OE71MQC,CC(C)CCCCCCCCCCCCCCC(=O)OCC(COCC(CO)O)O,GSRS
Polyvinyl Alcohol (130000 MW),660SZ0AKDA,,Not found
Potassium Citrate Anhydrous,86R1NVR0HW,C(C(=O)[O-])C(CC(=O)[O-])(C(=O)[O-])O.[K+].[K+].[K+],GSRS
Potassium Metabisulfite,65OE787Q7W,[K+].[K+].O=S([O-])S(=O)(=O)[O-],GSRS
"Propylene Glycol 1,2-Distearate",T65PN3O37H,CCCCCCCCCCCCCCCCCC(=O)OCC(C)OC(=O)CCCCCCCCCCCCCCCCC,GSRS
QUATERNIUM-22,MXO138JCBP,C[N+](C)(CCCNC(=O)[C@@H]([C@H]([C@@H]([C@@H](CO)O)O)O)O)CCO.[Cl-],GSRS
QUERCUS ALBA WOOD,XR6BC2ZUAM,,Not found
QUILLAJA SAPONARIA BARK,8N0K3807ZW,,Not found
QUILLAJA SAPONARIA WHOLE,HIU9R169Y7,,Not found
RACEMENTHOL,YS08XHA860,CC(C)[C@@H]1CC[C@@H](C)C[C@H]1O,GSRS
RAPESEED STEROL,B46B6DD20U,,Not found
RASPBERRY,4N14V5R27W,,Not found
RASPBERRY JUICE,427AYI9PDE,,Not found
RAW SUGAR,8M707QY5GH,,Not found
REBAUDIOSIDE A,B3FUD0528F,C=C1C[C@]23CC[C@@]4([H])[C@@](C)(CCC[C@@]4(C)C(=O)O[C@H]5[C@@H]([C@H]([C@@H]([C@@H](CO)O5)O)O)O)[C@]3([H])CC[C@@]1(C2)O[C@@]6([H])[C@@H]([C@]([H])([C@@H]([C@@H](CO)O6)O)O[C@H]7[C@@H]([C@H]([C@@H]([C@@H](CO)O7)O)O)O)O[C@@]8([H])[C@@H]([C@H]([C@@H]([C@@H](CO)O8)O)O)O,GSRS
RETINOL,G2SH0XKK91,C/C(=C\C=C\C(=C\CO)\C)/C=C/C1=C(C)CCCC1(C)C,GSRS
RETINYL PALMITATE,1D1K0N0VVC,CCCCCCCCCCCCCCCC(=O)OC/C=C(\C)/C=C/C=C(\C)/C=C/C1=C(C)CCCC1(C)C,GSRS
RIBOFLAVIN,TLM2976OFR,Cc1cc2c(cc1C)n(C[C@@H]([C@@H]([C@@H](CO)O)O)O)c3-c(c(=O)[nH]c(=O)n3)n2,GSRS
RIBOPRINE,8EU82FAZ5J,CC(=CCNc1c2c(ncn1)n(cn2)[C@H]3[C@@H]([C@@H]([C@@H](CO)O3)O)O)C,GSRS
ROSA CENTIFOLIA FLOWER OIL,H32V31VMWY,,Not found
ROSA DAMASCENA FLOWER OIL,18920M3T13,,Not found
ROSE PETAL EXTRACT,969IQC5YJU,,Not found
ROSEMARY,IJ67X351P9,,Not found
ROSEMARY OIL,8LGU7VM393,,Not found
SACCHARIN,FST467XS7D,c1ccc2c(c1)C(=O)NS2(=O)=O,GSRS
SACCHARIN SODIUM,SB8ZUX40TY,c1ccc2c(c1)C(=O)[N-]S2(=O)=O.[Na+].O.O,GSRS
SACCHARIN SODIUM ANHYDROUS,I4807BK602,c1ccc2c(c1)C(=O)[N-]S2(=O)=O.[Na+],GSRS
SACCHARIN SODIUM MONOHYDRATE,A9CO00M9HV,c1ccc2c(c1)C(=O)[N-]S2(=O)=O.[Na+].O,GSRS
SACCHAROMYCES CEREVISIAE,978D8U419H,,Not found
SAFFLOWER,4VBL71TY4Y,,Not found
SAFFLOWER OIL,65UEH262IS,,Not found
SALCAPROZATE SODIUM,1YTW0422YU,C(CCCC(=O)[O-])CCCNC(=O)c1ccccc1O.[Na+],GSRS
SALICYLIC ACID,O414PZ4LPZ,c1ccc(c(c1)C(=O)O)O,GSRS
SALICYLOYL PHYTOSPHINGOSINE,U891J4JCNH,CCCCCCCCCCCCCC[C@H]([C@H]([C@H](CO)NC(=O)c1ccccc1O)O)O,GSRS
SALIX ALBA BARK,205MXS71H7,,Not found
SCUTELLARIA BAICALENSIS ROOT,7J95K7ID2S,,Not found
SERINE,452VLY9402,C([C@@H](C(=O)O)N)O,GSRS
SESAME OIL,QX10HYY4QV,,Not found
SHELLAC,MB5IUD6JUA,C[C@]1(CO)C2CC[C@@H](C(=O)O)C23C[C@H]1C(C(=O)O)=C[C@@H]3O.O=C(O)CCCCCCCC(O)C(O)CCCCCO,COCONUT
SILICA DIMETHYL SILYLATE,EU2PSP0G0W,,Not found
"SILICA, TRIMETHYLSILYL CAPPED",VU10KU4B9S,,Not found
SILICIFIED MICROCRYSTALLINE CELLULOSE (125 .MICRO.M),88X4A2YW6T,,Not found
"SILICIFIED MICROCRYSTALLINE CELLULOSE (125 .MICRO.M, HIGH-DENSITY)",GRV5BG8C5N,,Not found
SILICIFIED MICROCRYSTALLINE CELLULOSE (50 .MICRO.M),DVB3KG8URF,,Not found
SILICON,Z4152N8IUI,[Si],GSRS
SILICON DIOXIDE,ETJ7Z6XBU4,O=[Si]=O,GSRS
SILICON NITRIDE,QHB8T06IDK,N12[Si]34N5[Si]16N3[Si]25N46,GSRS
SILODRATE,9T3UU8T0QK,[Al+3].[Al+3].[Mg+2].[Mg+2].O=[Si]([O-])[O-].O=[Si]([O-])[O-].O=[Si]([O-])[O-].O.[O-2].[O-2],GSRS
SMCC,B357P1G1IF,C1C[C@@H](CC[C@H]1CN2C(=O)C=CC2=O)C(=O)ON3C(=O)CCC3=O,GSRS
SMILAX ARISTOLOCHIIFOLIA ROOT,NR100Y25G0,,Not found
SODIUM,9NEZ333N27,[Na],GSRS
"SODIUM 1,2-DISTEAROYL-SN-GLYCERO-3-PHOSPHO-(1'-RAC-GLYCEROL)",771667Q09X,CCCCCCCCCCCCCCCCCC(=O)OC[C@H](COP(=O)([O-])OCC(CO)O)OC(=O)CCCCCCCCCCCCCCCCC.[Na+],GSRS
SODIUM ACETATE,4550K0SC9B,CC(=O)[O-].[Na+].O.O.O,GSRS
SODIUM ACETATE ANHYDROUS,NVG71ZZ7P0,CC(=O)[O-].[Na+],GSRS
SODIUM ACRYLATE/SODIUM ACRYLOYLDIMETHYLTAURATE COPOLYMER (4000000 MW),1DXE3F3OZX,CC(C)(CS(=O)(=O)[O-])NC(=O)C=C.C=CC(=O)O.[Na+],PubChem-UNII
SODIUM ACRYLOYLDIMETHYLTAURATE,2T9Q6EKI0G,C=CC(=O)NC(C)(C)CS(=O)(=O)[O-].[Na+],GSRS
SODIUM ACRYLOYLDIMETHYLTAURATE-ACRYLAMIDE COPOLYMER (1:1; 90000-150000 MPA.S),5F4963KLHS,,Not found
SODIUM ALGINATE,C269C4G2ZQ,O=C([O-])C1OC(O)C(O)C(O)C1O.[Na+],COCONUT
SODIUM ALUMINIUM SILICATE,058TS43PSM,[Al+3].[Al+3].[Na+].[Na+].O.[O-2].[O-2].[O-2].[O-2].[O-2].[O-2].[Si+4],GSRS
SODIUM ASCORBATE,S033EH8359,C([C@@H]([C@]1([H])C(=C(C(=O)O1)O)[O-])O)O.[Na+],GSRS
SODIUM ASCORBYL PHOSPHATE,836SJG51DR,C([C@@H]([C@]1([H])C(=C(C(=O)O1)OP(=O)([O-])[O-])[O-])O)O.[Na+].[Na+].[Na+],GSRS
SODIUM BENZOATE,OJ245FE5EU,c1ccc(cc1)C(=O)[O-].[Na+],GSRS
SODIUM BICARBONATE,8MDF5V39QO,C(=O)(O)[O-].[Na+],GSRS
SODIUM BISULFITE,TZX5469Z6I,[Na+].OS(=O)[O-],GSRS
SODIUM BORATE,91MBZ8H3QO,B1([O-])OB2OB([O-])OB(O1)O2.[Na+].[Na+].O.O.O.O.O.O.O.O.O.O,GSRS
SODIUM C14-16 OLEFIN SULFONATE,O9W3D3YF5U,CCCCCCCCCCCC(CC)S(=O)(=O)[O-].[Na+],PubChem-Name
SODIUM CAPRYLATE,9XTM81VK2B,CCCCCCCC(=O)[O-].[Na+],GSRS
SODIUM CARBONATE,45P3261C7T,C(=O)([O-])[O-].[Na+].[Na+],GSRS
SODIUM CARBONATE DECAHYDRATE,LS505BG22I,C(=O)([O-])[O-].[Na+].[Na+].O.O.O.O.O.O.O.O.O.O,GSRS
SODIUM CARBONATE MONOHYDRATE,2A1Q1Q3557,C(=O)([O-])[O-].[Na+].[Na+].O,GSRS
SODIUM CASEINATE,7473P66J9E,,Not found
SODIUM CETOSTEARYL SULFATE,7ZBS06BH4B,CCCCCCCCCCCCCCCCCCOS(=O)(=O)[O-].CCCCCCCCCCCCCCCCOS(=O)(=O)[O-].[Na+],PubChem-UNII
SODIUM CHLORATE,T95DR77GMR,Cl(=O)(=O)[O-].[Na+],GSRS
SODIUM CHLORIDE,451W47IQ8X,[Cl-].[Na+],GSRS
SODIUM CHLORIDE NA-22,VMP9781061,[Cl-].[22Na+],GSRS
SODIUM CHLORITE,G538EBV4VF,Cl(=O)[O-].[Na+],GSRS
"SODIUM CITRATE, UNSPECIFIED FORM",1Q73Q2JULR,C(C(=O)[O-])C(CC(=O)[O-])(C(=O)[O-])O.[Na+].[Na+].[Na+],PubChem-Name
SODIUM COCOYL GLUTAMATE,BMT4RCZ3HG,C(CC(=O)[O-])[C@@H](C(=O)O)N.[Na+],PubChem-Name
SODIUM COCOYL ISETHIONATE,518XTE8493,,Not found
SODIUM COPPER CHLOROPHYLLIN,1D276TYV9O,CCC1=C(C2=NC1=CC3=C(C(=C([N-]3)C(=C4[C@H]([C@@H](C(=N4)C=C5C(=C(C(=C2)[N-]5)C=C)C)C)CCC(=O)[O-])CC(=O)[O-])C(=O)[O-])C)C.[Na+].[Na+].[Na+].[Cu+2],PubChem-UNII
SODIUM DEHYDROACETATE,8W46YN971G,Cc1cc(c(C(=O)C)c(=O)o1)[O-].[Na+],GSRS
SODIUM DIHYDROXYCETYL PHOSPHATE,YWI33EV595,CCCCCCCCCCCCCCC(COP(=O)([O-])OCC(CCCCCCCCCCCCCC)O)O.[Na+],GSRS
SODIUM DODECYLBENZENESULFONATE,554127163Y,CCCCCCCCCCCCC1=CC=CC=C1S(=O)(=O)[O-].[Na+],PubChem-UNII
SODIUM FORMALDEHYDE SULFOXYLATE,X4ZGP7K714,C(O)S(=O)[O-].[Na+],GSRS
SODIUM FORMALDEHYDE SULFOXYLATE DIHYDRATE,SQ4705447D,C(O)S(=O)[O-].[Na+].O.O,GSRS
SODIUM GLUCONATE,R6Q3791S76,C([C@H]([C@H]([C@@H]([C@H](C(=O)[O-])O)O)O)O)O.[Na+],GSRS
SODIUM GLYCOLATE,B75E535IMI,C(C(=O)[O-])O.[Na+],GSRS
SODIUM HYPOCHLORITE,DY38VHM5OD,Cl[O-].[Na+],GSRS
SODIUM LACTATE,TU7HW0W0QT,CC(C(=O)[O-])O.[Na+],GSRS
SODIUM LAURETH-12 SULFATE,8M492LDU23,CCCCCCCCCCCCOCCOCCOCCOCCOCCOCCOCCOCCOCCOCCOCCOCCOS(=O)(=O)[O-].[Na+],PubChem-UNII
SODIUM LAURETH-2 SULFATE,ZZQ59TY3KG,CCCCCCCCCCCCOCCOCCOS(=O)(=O)[O-].[Na+],GSRS
SODIUM LAURETH-3 SULFATE,BPV390UAP0,CCCCCCCCCCCCOCCOCCOCCOS(=O)(=O)[O-].[Na+],GSRS
SODIUM LAUROYL LACTYLATE,7243K85WFO,CCCCCCCCCCCC(=O)OC(C)C(=O)OC(C)C(=O)[O-].[Na+],GSRS
SODIUM LAUROYL SARCOSINATE,632GS99618,CCCCCCCCCCCC(=O)N(C)CC(=O)[O-].[Na+],GSRS
SODIUM LAURYL FUMARATE,616H2AC4VH,CCCCCCCCCCCCOC(=O)/C=C/C(=O)[O-].[Na+],GSRS
SODIUM LAURYL SULFATE,368GB5141J,CCCCCCCCCCCCOS(=O)(=O)[O-].[Na+],GSRS
SODIUM LAURYL SULFOACETATE,D0Y70F2B9J,CCCCCCCCCCCCOC(=O)CS(=O)(=O)[O-].[Na+],GSRS
SODIUM MAGNESIUM FLUOROSILICATE,U1QJ22MC8E,[F-].[F-].[F-].[F-].[F-].[F-].[F-].[F-].[F-].[F-].[F-].[F-].[F-].[F-].[F-].[F-].[F-].[F-].[Mg+2].[Mg+2].[Mg+2].[Mg+2].[Mg+2].[Mg+2].[Mg+2].[Mg+2].[Mg+2].[Mg+2].[Mg+2].[Mg+2].[Mg+2].[Mg+2].[Mg+2].[Mg+2].[Na+].[Na+].[Na+].[Na+].[Na+].[Na+].[Na+].[Na+].[Na+].[Na+].[O-][Si]12O[Si]3([O-])O[Si]([O-])(O1)O[Si]([O-])(O2)O3.[O-][Si]12O[Si]3([O-])O[Si]([O-])(O1)O[Si]([O-])(O2)O3.[O-][Si]12O[Si]3([O-])O[Si]([O-])(O1)O[Si]([O-])(O2)O3.[O-][Si]12O[Si]3([O-])O[Si]([O-])(O1)O[Si]([O-])(O2)O3.[O-][Si]12O[Si]3([O-])O[Si]([O-])(O1)O[Si]([O-])(O2)O3.[O-][Si]12O[Si]3([O-])O[Si]([O-])(O1)O[Si]([O-])(O2)O3.O=[Si]=O.O=[Si]=O.O=[Si]=O,GSRS
SODIUM METABISULFITE,4VON5FNS3C,[Na+].[Na+].O=S([O-])S(=O)(=O)[O-],GSRS
SODIUM METASILICATE,052612U92L,[Na+].[Na+].O=[Si]([O-])[O-],GSRS
SODIUM METAVANADATE TETRAHYDRATE,2DO8B1WW6L,[Na+].O=[V](=O)[O-].O.O.O.O,GSRS
SODIUM METHYL COCOYL TAURATE,JVL98CG53G,,Not found
"SODIUM N-(CARBONYL-METHOXYPOLYETHYLENE GLYCOL 2000)-1,2-DISTEAROYL-SN-GLYCERO-3-PHOSPHOETHANOLAMINE",3L6NN8ZZKU,,Not found
SODIUM OLEATE,399SL044HN,CCCCCCCC/C=C\CCCCCCCC(=O)[O-].[Na+],GSRS
SODIUM PHOSPHATE,SE337SVY37,[O-]P(=O)([O-])[O-].[Na+],PubChem-Name
SODIUM PHOSPHATE DIBASIC DIHYDRATE,94255I6E2T,[O-]P(O)([O-])=O.[Na+].O.[Na+].O,GSRS
"SODIUM PHOSPHATE P-32, UNSPECIFIED",FEB963GEFV,[Na+].O[32P](=O)(O)[O-],GSRS
"SODIUM PHOSPHATE, DIBASIC, ANHYDROUS",22ADO53M6F,[Na+].[Na+].OP(=O)([O-])[O-],GSRS
"SODIUM PHOSPHATE, DIBASIC, DODECAHYDRATE",E1W4N241FO,[O-]P(=O)(O)[O-].[Na+].O.[Na+].O.O.O.O.O.O.O.O.O.O.O,GSRS
"SODIUM PHOSPHATE, DIBASIC, HEPTAHYDRATE",70WT22SF4B,[O-]P(=O)(O)[O-].[Na+].O.[Na+].O.O.O.O.O.O,GSRS
"SODIUM PHOSPHATE, DIBASIC, UNSPECIFIED FORM",GR686LBA74,O.OP(=O)([O-])[O-].[Na+].[Na+],PubChem-UNII
"SODIUM PHOSPHATE, MONOBASIC, DIHYDRATE",5QWK665956,[Na+].OP(=O)(O)[O-].O.O,GSRS
"SODIUM PHOSPHATE, MONOBASIC, MONOHYDRATE",593YOG76RN,[Na+].OP(=O)(O)[O-].O,GSRS
"SODIUM PHOSPHATE, MONOBASIC, UNSPECIFIED FORM",3980JIH2SW,OP(=O)(O)[O-].[Na+],PubChem-Synonym
"SODIUM PHOSPHATE, TRIBASIC, ANHYDROUS",SX01TZO3QZ,[Na+].[Na+].[Na+].O=P([O-])([O-])[O-],GSRS
"SODIUM PHOSPHATE, TRIBASIC, DODECAHYDRATE",B70850QPHR,[Na+].[Na+].[Na+].O=P([O-])([O-])[O-].O.O.O.O.O.O.O.O.O.O.O.O,GSRS
SODIUM POLYACRYLATE (2500000 MW),05I15JNI2J,,Not found
SODIUM POLYACRYLATE (8000 MW),285CYO341L,,Not found
SODIUM POLYMETAPHOSPHATE,P1BM4ZH95L,OP(=O)([O-])OP(=O)(O)[O-].[Na+].[Na+],PubChem-UNII
SODIUM POLYSTYRENE SULFONATE,1699G8679Z,,Not found
SODIUM PROPIONATE,DK6Y9P42IN,CCC(=O)[O-].[Na+],GSRS
SODIUM PROPIONATE ANHYDROUS,391O0PO49R,CCC(=O)[O-].[Na+],GSRS
SODIUM PYROPHOSPHATE,O352864B8Z,[Na+].[Na+].[Na+].[Na+].O=P([O-])([O-])OP(=O)([O-])[O-],GSRS
SODIUM PYRROLIDONE CARBOXYLATE,469OTG57A2,C1CC(=O)NC1C(=O)[O-].[Na+],GSRS
SODIUM PYRUVATE,POD38AIF08,CC(=O)C(=O)[O-].[Na+],GSRS
SODIUM SELENITE,HIW548RQ3W,[Na+].[Na+].O=[Se]([O-])[O-],GSRS
SODIUM SILICATE,IJF18F77L3,[O-][Si](=O)[O-].[Na+].[Na+],PubChem-UNII
SODIUM STARCH GLYCOLATE TYPE A,H8AV0SQX4D,CCCS(=O)(=O)CC(=O)NC1=CC=C(C=C1)F,PubChem-Name
SODIUM STARCH GLYCOLATE TYPE A CORN,AG9B65PV6B,,Not found
SODIUM STARCH GLYCOLATE TYPE A POTATO,5856J3G2A2,CCCS(=O)(=O)CC(=O)NC1=CC=C(C=C1)F,PubChem-Name
SODIUM STARCH GLYCOLATE TYPE B,SP4S77AHO6,,Not found
SODIUM STARCH GLYCOLATE TYPE B POTATO,27NA468985,,Not found
SODIUM STEARATE,QU7E2XA9TG,CCCCCCCCCCCCCCCCCC(=O)[O-].[Na+],GSRS
SODIUM STEAROYL GLUTAMATE,65A9F4P024,CCCCCCCCCCCCCCCCCC(=O)N[C@@H](CCC(=O)[O-])C(=O)[O-].[Na+].[H+],GSRS
SODIUM STEARYL FUMARATE,7CV7WJK4UI,CCCCCCCCCCCCCCCCCCOC(=O)/C=C/C(=O)[O-].[Na+],GSRS
SODIUM SUCCINATE ANHYDROUS,V8ZGC8ISR3,C(CC(=O)[O-])C(=O)[O-].[Na+].[Na+],GSRS
SODIUM SUCCINATE HEXAHYDRATE,U16QOD6C4E,C(CC(=O)[O-])C(=O)[O-].[Na+].[Na+].O.O.O.O.O.O,GSRS
SODIUM SULFATE,0YPR65R21J,[Na+].[Na+].O=S(=O)([O-])[O-].O.O.O.O.O.O.O.O.O.O,GSRS
SODIUM SULFATE ANHYDROUS,36KCS0R750,[Na+].[Na+].O=S(=O)([O-])[O-],GSRS
SODIUM SULFITE,VTK01UQK3G,[Na+].[Na+].O=S([O-])[O-],GSRS
SODIUM TARTRATE,QTO9JB4MDD,[C@@H]([C@H](C(=O)[O-])O)(C(=O)[O-])O.[Na+].[Na+],GSRS
SODIUM TARTRATE DIHYDRATE,DIA7C37AOW,[C@@H]([C@H](C(=O)[O-])O)(C(=O)[O-])O.[Na+].[Na+].O.O,GSRS
SODIUM THIOSULFATE,HX1032V43M,[Na+].[Na+].O=S(=O)([O-])[S-].O.O.O.O.O,GSRS
SODIUM THIOSULFATE ANHYDROUS,L0IYT1O31N,[Na+].[Na+].O=S(=O)([O-])[S-],GSRS
SODIUM TRIPOLYPHOSPHATE,5HK03SA80J,[O-]P(=O)([O-])OP(=O)([O-])OP(=O)([O-])[O-].[Na+].[Na+].[Na+].[Na+].[Na+],PubChem-Synonym
SORBIC ACID,X045WJ989B,C/C=C/C=C/C(=O)O,GSRS
SORBITAN,6O92ICV9RU,,Not found
SORBITAN MONOLAURATE,6W9PS8B71J,CCCCCCCCCCCC(=O)OC[C@H]([C@]1([H])[C@@H]([C@H](CO1)O)O)O,GSRS
SORBITAN MONOOLEATE,06XEA2VD56,CCCCCCCC/C=C\CCCCCCCC(=O)OC[C@H]([C@]1([H])[C@@H]([C@H](CO1)O)O)O,GSRS
SORBITAN MONOPALMITATE,77K6Z421KU,CCCCCCCCCCCCCCCC(=O)OC[C@H]([C@]1([H])[C@@H]([C@H](CO1)O)O)O,GSRS
SORBITAN MONOSTEARATE,NVZ4I0H58X,CCCCCCCCCCCCCCCCCC(=O)OC[C@H]([C@]1([H])[C@@H]([C@H](CO1)O)O)O,GSRS
SORBITAN SESQUIOLEATE,0W8RRI5W5A,CCCCCCCC/C=C\CCCCCCCC(=O)O.CCCCCCCC/C=C\CCCCCCCC(=O)O.CCCCCCCC/C=C\CCCCCCCC(=O)O.C([C@H]([C@H]([C@@H]([C@H](CO)O)O)O)O)O.C([C@H]([C@H]([C@@H]([C@H](CO)O)O)O)O)O,GSRS
SORBITAN TRISTEARATE,6LUM696811,CCCCCCCCCCCCCCCCCC(=O)OC[C@H]([C@]1([H])[C@@H]([C@H](CO1)O)OC(=O)CCCCCCCCCCCCCCCCC)OC(=O)CCCCCCCCCCCCCCCCC,GSRS
SORBITOL,506T60A25R,C([C@H]([C@H]([C@@H]([C@H](CO)O)O)O)O)O,GSRS
SORBITOL MONOOLEATE,658271J00C,CCCCCCCC/C=C\CCCCCCCC(=O)OC[C@@H]([C@H]([C@@H]([C@@H](CO)O)O)O)O,PubChem-UNII
SORBITOL SOLUTION,8KW3E207O2,,Not found
SOUR CHERRY,1L29G6428X,,Not found
SOY ACID,HBA528N3PW,,Not found
SOY PROTEIN,R44IWB3RN5,,Not found
SOY STEROL,PL360EPO9J,,Not found
SOYBEAN,L7HT8F1ZOD,,Not found
SOYBEAN OIL,241ATL177A,,Not found
SOYBEAN PHOSPHATIDYLCHOLINE,1T6N4D9YV6,CCCCCCCCCCCCCCCC(=O)OC[C@H](COP(=O)([O-])OCC[N+](C)(C)C)OC(=O)CCCCCCC/C=C/C/C=C/CCCCC,PubChem-Name
SPEARMINT,J7I2T6IV1N,,Not found
SPEARMINT OIL,C3M81465G5,,Not found
SQUALANE,GW89575KF9,CC(C)CCCC(C)CCCC(C)CCCCC(C)CCCC(C)CCCC(C)C,GSRS
SQUALENE,7QWM220FJH,CC(=CCC/C(=C/CC/C(=C/CC/C=C(\C)/CC/C=C(\C)/CCC=C(C)C)/C)/C)C,GSRS
STANNOUS 2-ETHYLHEXANOATE,519A78R12Y,CCCCC(CC)C(=O)[O-].CCCCC(CC)C(=O)[O-].[Sn+2],GSRS
STANNOUS CHLORIDE,1BQV3749L5,[Cl-].[Cl-].O.O.[Sn+2],GSRS
STANNOUS CHLORIDE ANHYDROUS,R30H55TN67,[Cl-].[Cl-].[Sn+2],GSRS
STANNOUS FLUORIDE,3FTR44B32Q,[F-].[F-].[Sn+2],GSRS
"STARCH, CORN",O8232NY3SJ,,Not found
"STARCH, POTATO",8I089SAH3T,,Not found
"STARCH, RICE",4DGK8B7I3S,,Not found
"STARCH, TAPIOCA",24SC3U704I,,Not found
"STARCH, WHEAT",79QS2MG2LP,,Not found
STEARALKONIUM CHLORIDE,0OUO26BB88,CCCCCCCCCCCCCCCCCC[N+](C)(C)Cc1ccccc1.[Cl-],GSRS
STEARETH-10,FD0913P475,,Not found
STEARETH-100,4OH5W9UM87,,Not found
STEARETH-2,V56DFE46J5,CCCCCCCCCCCCCCCCCCOCCOCCO,GSRS
STEARETH-20,L0Q8IK9E08,,Not found
STEARETH-21,53J3F32P58,,Not found
STEARIC ACID,4ELV7Z65AP,CCCCCCCCCCCCCCCCCC(=O)O,GSRS
STEARIC ACID D7,T3B081197X,C([2H])([2H])([2H])C([2H])([2H])C([2H])([2H])CCCCCCCCCCCCCCC(=O)O,GSRS
STEAROYL POLYOXYL-32 GLYCERIDES,G6EP177239,,Not found
STEARYL ALCOHOL,2KR89I4H1Y,CCCCCCCCCCCCCCCCCCO,GSRS
STEVIA REBAUDIUNA LEAF,6TC6NN0876,,Not found
STRAWBERRY,4J2TY8Y81V,,Not found
STRONTIUM NITRATE,BDG873AQZL,[N+](=O)([O-])[O-].[N+](=O)([O-])[O-].[Sr+2],GSRS
STYRAX BENZOIN RESIN,FE663Z8IRO,,Not found
SUCCINIC ACID,AB6MNQ6J6L,C(CC(=O)O)C(=O)O,GSRS
SUCRALOSE,96K6UQ3ZD4,C([C@@H]1[C@H]([C@@H]([C@@](CCl)(O1)O[C@@H]2[C@@H]([C@H]([C@H]([C@@H](CO)O2)Cl)O)O)O)O)Cl,GSRS
SUCROSE,C151H8M554,C([C@@H]1[C@H]([C@@H]([C@H]([C@H](O1)O[C@@]2(CO)[C@H]([C@@H]([C@@H](CO)O2)O)O)O)O)O)O,GSRS
SUCROSE ACETATE ISOBUTYRATE,H5KI1C3YTV,CC(C)C(=O)OC[C@@H]1[C@H]([C@@H]([C@@](COC(=O)C)(O1)O[C@]2([H])[C@@H]([C@H]([C@@H]([C@@H](COC(=O)C)O2)OC(=O)C(C)C)OC(=O)C(C)C)OC(=O)C(C)C)OC(=O)C(C)C)OC(=O)C(C)C,GSRS
SUCROSE LAURATE,05Q7CD0E49,CCCCCCCCCCCC(=O)O[C@@]1([C@@H]([C@H]([C@@H]([C@H](O1)CO)O)O)O)[C@@]2([C@H]([C@@H]([C@H](O2)CO)O)O)CO,PubChem-UNII
SUCROSE PALMITATE,3OSQ643ZK5,CCCCCCCCCCCCCCCC(=O)O[C@@]1([C@@H]([C@H]([C@@H]([C@H](O1)CO)O)O)O)[C@@]2([C@H]([C@@H]([C@H](O2)CO)O)O)CO,PubChem-UNII
"SUCROSE, 6-STEARATE",114S1GA41U,CCCCCCCCCCCCCCCCCC(=O)OC[C@@H]1[C@H]([C@@H]([C@H]([C@H](O1)O[C@@]2(CO)[C@H]([C@@H]([C@@H](CO)O2)O)O)O)O)O,GSRS
SUGARCANE,81H2R5AOH3,,Not found
SULFUR,70FD1KFU70,S1SSSSSSS1,GSRS
SULFUR DIOXIDE,0UZA3422Q4,O=S=O,GSRS
SULFURIC ACID,O40UQP6WCF,OS(=O)(=O)O,GSRS
SUNFLOWER OIL,3W1JG795YI,,Not found
SUNFLOWER OIL MONO/DIGLYCERIDES,HS7EB0C1ZH,,Not found
SUNFLOWER SEED OIL GLYCERETH-8 ESTERS,358X17CAT0,,Not found
SYNTHETIC WAX (1200 MW),Q3Z4BCH099,,Not found
SYNTHETIC WAX (1800 MW),248P1AUJ90,,Not found
Sodium Hydroxide,55X04QC32I,[Na+].[OH-],GSRS
Sodium Iodide,F5WR8N145C,[I-].[Na+],GSRS
Sodium Peroxide,3GSN3JCJ5K,[Na+].[Na+].[O-][O-],GSRS
"Sodium Phosphate, Monobasic, Anhydrous",KH7I04HPUU,[Na+].OP(=O)(O)[O-],GSRS
Sorbitan Olivate,MDL271E3GR,,Not found
Styrene/isoprene/styrene block copolymer,K7S96QM8DV,,Not found
TALC,7SEV7J4R1U,[Mg+2].[Mg+2].[Mg+2].[O-][Si]12O[Si]3([O-])O[Si]([O-])(O1)O[Si]([O-])(O2)O3.[OH-].[OH-],GSRS
TANGERINE,KH3E3096OO,,Not found
TARTARIC ACID,W4888I119H,[C@@H]([C@H](C(=O)O)O)(C(=O)O)O,GSRS
TAURINE,1EQV5MLY3D,C(CS(=O)(=O)O)N,GSRS
TEA LEAF,GH42T47V24,,Not found
TEA TREE OIL,VIF565UC2G,,Not found
TERT-BUTYL ALCOHOL,MD83SFE959,CC(C)(C)O,GSRS
TERT-BUTYLHYDROQUINONE,C12674942B,CC(C)(C)c1cc(ccc1O)O,GSRS
TETRAETHYL SILICATE,42064KRE49,CCO[Si](OCC)(OCC)OCC,GSRS
TETRAHEXYLDECYL ASCORBATE,9LBV3F07AZ,CCCCCCCCCCCCCCCC(=O)OC[C@@H]([C@]1([H])C(=C(C(=O)O1)OC(=O)CCCCCCCCCCCCCCC)OC(=O)CCCCCCCCCCCCCCC)OC(=O)CCCCCCCCCCCCCCC,GSRS
TETRAHYDROBISDEMETHOXYDIFERULOYLMETHANE,973IBV8W7I,c1cc(ccc1CCC(=O)CC(=O)CCc2ccc(cc2)O)O,GSRS
TETRAHYDRODEMETHOXYDIFERULOYLMETHANE,44D8X9U00T,COc1cc(CCC(=O)CC(=O)CCc2ccc(cc2)O)ccc1O,GSRS
TETRAHYDRODIFERULOYLMETHANE,00U0645U03,COc1cc(CCC(=O)CC(=O)CCc2ccc(c(c2)OC)O)ccc1O,GSRS
TETRAPROPYL ORTHOSILICATE,4PE821G3GH,CCCO[Si](OCCC)(OCCC)OCCC,GSRS
TETRAXETAN,1HTE449DGZ,C1CN(CCN(CCN(CCN1CC(=O)O)CC(=O)O)CC(=O)O)CC(=O)O,GSRS
THEOBROMINE,OBD445WZ5P,Cn1cnc2c1c(=O)[nH]c(=O)n2C,GSRS
THIAMINE,X66NSO3N35,Cc1c(CCO)sc[n+]1Cc2cnc(C)nc2N.[Cl-],GSRS
THIAMINE HYDROCHLORIDE,M572600E5P,Cc1c(CCO)sc[n+]1Cc2cnc(C)nc2N.Cl.[Cl-],GSRS
THIAMINE MONONITRATE,8K0I04919X,Cc1c(CCO)sc[n+]1Cc2cnc(C)nc2N.[N+](=O)([O-])[O-],GSRS
THIMEROSAL,2225PI3MOV,CC[Hg]Sc1ccccc1C(=O)[O-].[Na+],GSRS
THREONINE,2ZD004190S,C[C@H]([C@@H](C(=O)O)N)O,GSRS
THYMIDINE,VC2W18DGKR,Cc1cn([C@H]2C[C@@H]([C@@H](CO)O2)O)c(=O)[nH]c1=O,GSRS
THYMOL,3J50XA376E,CC(C)c1ccc(C)cc1O,GSRS
TITANIUM,D1JT611TNE,[Ti],GSRS
TITANIUM DIOXIDE,15FIX9V2JP,[O-2].[O-2].[Ti+4],GSRS
TOCOPHEROL,R0ZB2556P8,CC1=C(C=C2CCC(OC2=C1C)(C)CCCC(C)CCCC(C)CCCC(C)C)O,PubChem-UNII
TRAGACANTH,2944357O2O,,Not found
TREHALOSE,B8WCK70T7I,C([C@@H]1[C@H]([C@@H]([C@H]([C@H](O1)O[C@]2([H])[C@@H]([C@H]([C@@H]([C@@H](CO)O2)O)O)O)O)O)O)O,GSRS
TREHALOSE DIHYDRATE,7YIN7J07X4,C([C@@H]1[C@H]([C@@H]([C@H]([C@]([H])(O1)O[C@@H]2[C@@H]([C@H]([C@@H]([C@@H](CO)O2)O)O)O)O)O)O)O.O.O,GSRS
TRIACETIN,XHX3C3X673,CC(=O)OCC(COC(=O)C)OC(=O)C,GSRS
TRIBASIC CALCIUM PHOSPHATE,91D9GV0Z28,[Ca+2].[Ca+2].[Ca+2].[Ca+2].[Ca+2].O=P([O-])([O-])[O-].O=P([O-])([O-])[O-].O=P([O-])([O-])[O-].[OH-],GSRS
TRIBASIC SODIUM PHOSPHATE,A752Q30A6X,[O-]P(=O)([O-])[O-].[Na+].[Na+].[Na+],PubChem-Name
TRICALCIUM PHOSPHATE,K4C08XP666,[Ca+2].[Ca+2].[Ca+2].O=P([O-])([O-])[O-].O=P([O-])([O-])[O-],GSRS
TRICAPRILIN,6P92858988,CCCCCCCC(=O)OCC(COC(=O)CCCCCCC)OC(=O)CCCCCCC,GSRS
TRICAPRIN,O1PB8EU98M,CCCCCCCCCC(=O)OCC(COC(=O)CCCCCCCCC)OC(=O)CCCCCCCCC,GSRS
TRICETIN,5627PY99ZO,c1c(cc(c(c1O)O)O)-c2cc(=O)c3c(cc(cc3o2)O)O,GSRS
TRICHLOROMONOFLUOROMETHANE,990TYB331R,C(Cl)(Cl)(Cl)F,GSRS
TRIDECETH-6 PHOSPHATE,NKT96BX1OC,CCCCCCCCCCCCCOCCOP(=O)(O)O,PubChem-UNII
TRIDECYL ALCOHOL,8I9428H868,CCCCCCCCCCCCCO,GSRS
TRIETHANOLAMINE BENZOATE,M3EN4GC19W,c1ccc(cc1)C(=O)O.C(CO)N(CCO)CCO,GSRS
TRIETHANOLAMINE GLUTAMATE,M71CZB7HUY,C(CO)N(CCO)CCO.C(CC(=O)O)[C@@H](C(=O)O)N,GSRS
TRIETHANOLAMINE LAURYL SULFATE,E8458C1KAA,CCCCCCCCCCCCOS(=O)(=O)O.C(CO)N(CCO)CCO,GSRS
TRIETHYL CITRATE,8Z96QXD6UM,CCOC(=O)CC(CC(=O)OCC)(C(=O)OCC)O,GSRS
TRIETHYLENE GLYCOL,3P5SU53360,C(COCCOCCO)O,GSRS
TRIHYDROXYSTEARIN,06YD7896S3,CCCCCCC(CCCCCCCCCCC(=O)OCC(COC(=O)CCCCCCCCCCC(CCCCCC)O)OC(=O)CCCCCCCCCCC(CCCCCC)O)O,GSRS
TRIMETHYLSILYL TREATED DIMETHICONOL/TRIMETHYLSILOXYSILICATE CROSSPOLYMER (40/60 W/W),9N5G1G3D3H,,Not found
TRIMETHYLSILYL TREATED DIMETHICONOL/TRIMETHYLSILOXYSILICATE CROSSPOLYMER (45/55 W/W; 100000 PA.S),5VBE2X0WG0,,Not found
TRIMYRISTIN,18L31PSR28,CCCCCCCCCCCCCC(=O)OCC(COC(=O)CCCCCCCCCCCCC)OC(=O)CCCCCCCCCCCCC,GSRS
TRIPALMITIN,D133ZRF50U,CCCCCCCCCCCCCCCC(=O)OCC(COC(=O)CCCCCCCCCCCCCCC)OC(=O)CCCCCCCCCCCCCCC,GSRS
TRISODIUM ETHYLENEDIAMINE DISUCCINATE,YA22H34H9Q,C(CN[C@@H](CC(=O)[O-])C(=O)[O-])N[C@@H](CC(=O)[O-])C(=O)[O-].[Na+].[Na+].[Na+].[H+],GSRS
TROLAMINE,9O3K93S3TK,C(CO)N(CCO)CCO,GSRS
TROLAMINE SALICYLATE,H8O4040BHD,c1ccc(c(c1)C(=O)O)O.C(CO)N(CCO)CCO,GSRS
TROMETHAMINE,023C2WHX2V,C(C(CO)(CO)N)O,GSRS
TROMETHAMINE HYDROCHLORIDE,383V75M34E,C(C(CO)(CO)N)O.Cl,GSRS
TROPAEOLUM MAJUS FLOWERING TOP,RGT30824HY,,Not found
TROPOLONE,7L6DL16P1T,c1ccc(c(=O)cc1)O,GSRS
TRYPTOPHAN,8DUH1N11BX,c1ccc2c(c1)c(C[C@@H](C(=O)O)N)c[nH]2,GSRS
TURMERIC,856YO1Z64F,,Not found
TURMERIC OIL,6KGS8SP16U,,Not found
TYLOXAPOL,Y27PUL9H56,,Not found
TYROSINE,42HK56048U,c1cc(ccc1C[C@@H](C(=O)O)N)O,GSRS
Terpene resin,GR35AH6YDN,C=CC=C(C=C)C1NC(=NC(=N1)C2=CC(=CC(=C2)C3=CC=CC=C3)C4=CC=CC=C4)C5=CC(=C(C(=C5)C6=CCCC=C6)N7C8=CC=CC=C8C9=C7C1=C(C=C9)N(C2=CC=CC=C21)C1=CC=CC=C1)C1=CC=CC=C1,PubChem-Name
Treprostinil sodium,7JZ75N2NT6,CCCCC[C@@H](CC[C@@H]1[C@@]2([H])Cc3cccc(c3C[C@@]2([H])C[C@H]1O)OCC(=O)[O-])O.[Na+],GSRS
Triethoxycaprylylsilane,LDC331P08E,CCCCCCCC[Si](OCC)(OCC)OCC,GSRS
Trisodium Citrate Dihydrate,B22547B95K,C(C(=O)[O-])C(CC(=O)[O-])(C(=O)[O-])O.[Na+].[Na+].[Na+].O.O,GSRS
UBIDECARENONE,EJ27X76M46,CC(=CCC/C(=C/CC/C(=C/CC/C(=C/CC/C(=C/CC/C(=C/CC/C(=C/CC/C(=C/CC/C(=C/CC/C(=C/CC1=C(C)C(=O)C(=C(C1=O)OC)OC)/C)/C)/C)/C)/C)/C)/C)/C)/C)C,GSRS
UNDECYLENIC ACID,K3D86KJ24N,C=CCCCCCCCCC(=O)O,GSRS
UREA,8W8T17847W,C(=O)(N)N,GSRS
URSODIOL,724L30Y2QR,C[C@H](CCC(=O)O)[C@@]1([H])CC[C@@]2([H])[C@@]3([H])[C@]([H])(CC[C@]12C)[C@@]4(C)CC[C@H](C[C@@]4([H])C[C@@H]3O)O,GSRS
VACCINIUM MYRTILLUS ANTHOCYANOSIDES,R911H793SU,,Not found
VALINE,HG18B9YRS7,CC(C)[C@@H](C(=O)O)N,GSRS
VANILLA,Q74T35078H,COC1=C(C=CC(=C1)C=O)O,PubChem-Name
VANILLIN,CHI530446X,COc1cc(ccc1O)C=O,GSRS
VERBENA,LJ96XN173E,,Not found
VETIVER OIL,9M9P32M01L,,Not found
VINYL ACETATE,L9MK238N77,C=COC(=O)C,GSRS
VINYLPYRROLIDONE/HEXADECENE COPOLYMER,KFR5QEN0N9,,Not found
VISNAGA DAUCOIDES FRUIT,3UN285QN0C,,Not found
VITAMIN E POLYETHYLENE GLYCOL SUCCINATE,O03S90U1F2,,Not found
VITIS VINIFERA (GRAPE) SEED EXTRACT,RDS2V6DVY5,,Not found
WATER,059QF0KO0R,O,GSRS
WATER O-15,63M8RYN44N,[15OH2],GSRS
WATER O-18,7QV8F8BYNJ,[18OH2],GSRS
WHEAT GERM,YR3G369F5A,,Not found
WHEAT GERM OIL,14C97E680P,,Not found
WHEY,8617Z5FMF6,,Not found
WHITE PETROLATUM,B6E5W8RQJ4,,Not found
WHITE WAX,7G1J5DA97F,,Not found
WINE GRAPE,3GOV20705G,,Not found
WITCH HAZEL,101I4J0U34,,Not found
XANTHAN GUM,TTV12P4NEE,C1=CC=C2OC3=CC=CC=C3CC2=C1,COCONUT
XYLITOL,VCQ006KQ1E,C([C@@H]([C@H]([C@@H](CO)O)O)O)O,GSRS
"YEAST, UNSPECIFIED",3NY3SM6B8U,,Not found
YELLOW WAX,2ZA36H0S2V,,Not found
YLANG-YLANG OIL,8YOY78GNNX,,Not found
YUCCA GLAUCA ROOT,1A15YBH7N1,,Not found
YUCCA SCHIDIGERA ROOT,E2H9ET15AT,,Not found
YUCCA SCHIDIGERA WHOLE,08A0YG3VIC,,Not found
ZANTHOXYLUM BUNGEANUM FRUIT,3CIP16A418,,Not found
ZEIN,80N308T1NN,,Not found
ZINC ACETATE,FM5526K07A,CC(=O)[O-].CC(=O)[O-].O.O.[Zn+2],GSRS
ZINC ASCORBATE,9TI35313XW,C([C@@H]([C@]1([H])C(=C(C(=O)O1)O)[O-])O)O.C([C@@H]([C@]1([H])C(=C(C(=O)O1)O)[O-])O)O.[Zn+2],GSRS
ZINC CHLORIDE,86Q357L16B,[Cl-].[Cl-].[Zn+2],GSRS
ZINC GLUCONATE,U6WSN5SQ1Z,C([C@H]([C@H]([C@@H]([C@H](C(=O)[O-])O)O)O)O)O.C([C@H]([C@H]([C@@H]([C@H](C(=O)[O-])O)O)O)O)O.[Zn+2],GSRS
ZINC OXIDE,SOI2LOH54Z,[O-2].[Zn+2],GSRS
ZINC STEARATE,H92E6QA4FV,CCCCCCCCCCCCCCCCCC(=O)[O-].CCCCCCCCCCCCCCCCCC(=O)[O-].[Zn+2],GSRS
ZINC SULFATE HEPTAHYDRATE,N57JI2K7WP,O=S(=O)([O-])[O-].O.O.O.O.O.O.O.[Zn+2],GSRS
Zinc,J41CSQ7QDS,[Zn],GSRS
Zinc Lactate,2GXR25858Y,CC(C(=O)[O-])O.CC(C(=O)[O-])O.[Zn+2],GSRS
aspartame,Z0H242BBR1,COC(=O)[C@H](Cc1ccccc1)NC(=O)[C@H](CC(=O)O)N,GSRS
betadex,JV039JZZ3A,C([C@@H]1[C@]2([H])[C@@H]([C@H]([C@]([H])(O1)O[C@]3([H])[C@@H](CO)O[C@@]([H])([C@@H]([C@H]3O)O)O[C@]4([H])[C@@H](CO)O[C@@]([H])([C@@H]([C@H]4O)O)O[C@]5([H])[C@@H](CO)O[C@@]([H])([C@@H]([C@H]5O)O)O[C@]6([H])[C@@H](CO)O[C@@]([H])([C@@H]([C@H]6O)O)O[C@]7([H])[C@@H](CO)O[C@@]([H])([C@@H]([C@H]7O)O)O[C@]8([H])[C@@H](CO)O[C@@]([H])([C@@H]([C@H]8O)O)O2)O)O)O,GSRS
calteridol calcium,RPH56VWA1A,CC(CN1CCN(CCN(CCN(CC1)CC(=O)[O-])CC(=O)[O-])CC(=O)[O-])O.CC(CN1CCN(CCN(CCN(CC1)CC(=O)[O-])CC(=O)[O-])CC(=O)[O-])O.[Ca+2].[Ca+2].[Ca+2],GSRS
carrageenan,5C69YCD2YJ,,Not found
ceteareth-10 phosphate,099WOY1SA3,,Not found
ceteareth-25,8FA93U5T67,,Not found
ceteareth-6,2RJS3559D3,,Not found
cetearyl ethylhexanoate,9M64UO4C25,CCCCCCCCCCCCCCCCOC(=O)C(CC)CCCC,PubChem-Name
cetearyl phosphate,4O6GCK4CTJ,CCCCCCCCCCCCCCCCCC(=O)O.CCCCCCCCCCCCCCCC(=O)O.OP(=O)(O)O,PubChem-UNII
coco-glycerides,ISE9I7DNUG,,Not found
croscarmellose sodium,M28OL1HH48,,Not found
dextran 40,K3R6ZDH4DU,O=C[C@H](O)[C@@H](O)[C@H](O)[C@H](O)CO[C@H]1O[C@H](CO[C@H]2O[C@H](CO)[C@@H](O)[C@H](O)[C@H]2O)[C@@H](O)[C@H](O)[C@H]1O,COCONUT
dibutyltin dilaurate,L4061GMT90,CCCCCCCCCCCC(=O)[O-].CCCCCCCCCCCC(=O)[O-].CCCC[Sn+2]CCCC,GSRS
dichlorofluoromethane,7GAO4CRJ0B,C(Cl)(Cl)F,GSRS
ethyl levulinate,7BU24CSS2G,CCOC(=O)CCC(=O)C,GSRS
ethylparaben,14255EXE39,CCOC(=O)c1ccc(cc1)O,GSRS
fluorescein sodium,93X55PE38X,c1ccc(c(c1)-c2c3ccc(cc3oc-4cc(=O)ccc42)[O-])C(=O)[O-].[Na+].[Na+],GSRS
gelatin type b bovine (230 bloom),WIL1404U79,,Not found
glyceryl monocaprylate,TM2TZD4G4A,CCCCCCCC(=O)OCC(CO)O,PubChem-UNII
glyceryl monostearate,230OU9XXE4,CCCCCCCCCCCCCCCCCC(=O)OCC(CO)O,PubChem-Name
hyaluronate sodium,YSE9PPT4TH,CC(=O)N[C@@H]1[C@H]([C@@H]([C@H](O[C@H]1O)CO)O)O[C@H]2[C@@H]([C@H]([C@@H]([C@H](O2)C(=O)O)O[C@H]3[C@@H]([C@H]([C@@H]([C@H](O3)CO)O)O[C@H]4[C@@H]([C@H]([C@@H]([C@H](O4)C(=O)O)O)O)O)NC(=O)C)O)O.[Na+],PubChem-UNII
hydrogenated palm oil,257THB963H,,Not found
isobutylparaben,0QQJ25X58G,CC(C)COC(=O)c1ccc(cc1)O,GSRS
lanolin,7EV65EAW6H,CCCCCCCCCCCCCCCCCCOC(=O)CCCCCCCCCCCCCCC,COCONUT
laureth-12,OAH19558U1,CCCCCCCCCCCCOCCOCCOCCOCCOCCOCCOCCOCCOCCOCCOCCOCCO,PubChem-Name
"limonene, (+/-)-",9MC3I34447,C=C(C)C1CC=C(C)CC1,GSRS
lysine monohydrate,F7625B974U,C(CCN)C[C@@H](C(=O)O)N.O,GSRS
magnesium carbonate,0E53J927NA,C(=O)([O-])[O-].[Mg+2].O,GSRS
maleic acid,91XW058U2C,C(=C/C(=O)O)/C(=O)O,GSRS
maltose monohydrate,DM477EE40D,C(=O)[C@@H]([C@H]([C@@H]([C@@H](CO)O)O[C@]1([H])[C@@H]([C@H]([C@@H]([C@@H](CO)O1)O)O)O)O)O.O,GSRS
niacinamide,25X51I8RD4,c1cc(cnc1)C(=O)N,GSRS
octoxynol-9,7JPC6Y25QS,,Not found
phenylalanine,47E5O17Y3R,c1ccc(cc1)C[C@@H](C(=O)O)N,GSRS
phenylmercuric acetate,OSX88361UX,c1ccc(cc1)[Hg+].CC(=O)[O-],GSRS
pine needle oil (pinus sylvestris),5EXL5H740Y,,Not found
polysorbate 80,6OZP39ZG8H,CCCCCCCCCCCC(=O)OCCOCC(OCCO)[C@H]1OCC(OCCO)[C@H]1OCCO,COCONUT
potassium acetate,M911911U02,CC(=O)[O-].[K+],GSRS
potassium citrate,EE90ONI6FF,C(C(=O)[O-])C(CC(=O)[O-])(C(=O)[O-])O.[K+].[K+].[K+].O,GSRS
propylene glycol alginate,26CD3J2R0C,COC1OC(C(=O)O)C(OC2OC(C(=O)OCC(C)O)C(C)C(O)C2O)C(O)C1O,COCONUT
sodium coco-sulfate,3599J29ANH,,Not found
sodium lauroamphoacetate,SLK428451L,CCCCCCCCCCCC(=O)NCCN(CCO)CC(=O)[O-].[Na+],GSRS
sucrose stearate,274KW0O50M,CCCCCCCCCCCCCCCCCC(=O)O.C([C@@H]1[C@H]([C@@H]([C@H]([C@H](O1)O[C@]2([C@H]([C@@H]([C@H](O2)CO)O)O)CO)O)O)O)O,PubChem-UNII
terpineol,R53Q4ZWC99,CC1=CCC(CC1)C(C)(C)O,PubChem-UNII
